id	description	number_of_orders	price
4001132269357	ZANZEA элегантная рубашка на пуговицах женская летняя повседневная блузка с коротким рукавом Блузка женская однотонная Туника сорочка размера плюс Топы 2020	7 заказа(ов)	1 085,78 руб.
4001354723109	Винтажные женские лоскутные блузки с длинным рукавом и пуговицами, Осенние повседневные свободные офисные рубашки для женщин размера плюс 5XL, рубашки с цветочным принтом Blusa	290 заказа(ов)	795,51 - 907,27 руб.
4001152203843	Женская рубашка с коротким рукавом, Сексуальная Повседневная Блузка с v-образным вырезом и цветочным принтом, лето 2020	368 заказа(ов)	722,56 руб.
1005001309845385	Модная трендовая блузка женская Повседневная Блузка размера плюс с пуговицами и карманами, многослойный топ на бретелях, винтажная рубашка Blusas Mujer De Moda 2020	5 заказа(ов)	749,72 - 1 036,88 руб.
4000961052745	5XL Элегантная блузка Футболка с v-образным вырезом и принтом маргаритки для женщин, лето 2020, топы с открытыми плечами и расклешенными рукавами в стиле пэчворк, весенние блузки	302 заказа(ов)	681,43 - 785,42 руб.
1005001316372634	Женская элегантная блузка в горошек с оборками, рубашка, осень 2020, длинный рукав, v-образный вырез, пуловер, топы для офисных леди, новинка 3XL, Повседневная блуза на пуговицах	122 заказа(ов)	811,04 - 1 231,69 руб.
4001317567115	2020 популярные женские рубашки на весну женские с v-образным вырезом на ремешке с длинным рукавом оверсайз модные топы женские Элегантные Осенние блузки # guahao	468 заказа(ов)	407,46 - 471,10 руб.
4000879510414	Aachoae Женские повседневные белые блузки с длинным рукавом офисные рубашки 2020 отложной воротник Однотонная рубашка с карманом Женская Туника размера плюс	95 заказа(ов)	1 073,36 руб.
1005001315218056	Осенняя женская элегантная блузка с отложным воротником, рубашка с цветочным принтом 2020, винтажный топ на пуговицах, Офисная Женская Повседневная блуза с длинным рукавом 5XL	140 заказа(ов)	882,44 - 929,00 руб.
1005001446341176	Женские рубашки, Осенние повседневные клетчатые рубашки для женщин, топы и блузки с длинным рукавом, красные женские рубашки в клетку, 2020	4 заказа(ов)	745,07 - 894,08 руб.
4001128891411	Женская блузка с коротким рукавом ZANZEA, элегантная повседневная рубашка с цветочной вышивкой, асимметричная Туника размера плюс, 2020	10 заказа(ов)	930,56 руб.
4001259037578	Женские шифоновые блузки с длинным рукавом и пуговицами на весну 2020, женские модные однотонные рубашки с v-образным вырезом, женские свободные повседневные топы X57	184 заказа(ов)	770,68 - 853,72 руб.
1005001319690610	Женская Элегантная блузка с v-образным вырезом и оборками, рубашки, осень 2020, винтажные Топы в горошек с принтом, офисные женские повседневные модные блузки 3XL, Blusa	62 заказа(ов)	845,18 - 1 231,69 руб.
4001164017086	ZANZEA женская блузка с цветочной вышивкой, с длинным рукавом, Повседневная Блузка с цветочной вышивкой	37 заказа(ов)	1 124,58 руб.
32796588405	Летняя шифоновая блузка с цветочным принтом, воротник с оборками, рубашка с бантом на шее, шифоновые топы с короткими рукавами-лепестками, блузки размера плюс	25 заказа(ов)	640,29 руб.
4000551922645	Женская Асимметричная блузка ZANZEA, повседневная хлопковая рубашка с длинными рукавами и круглым вырезом, туника размера плюс с оборками, 2020	126 заказа(ов)	938,32 руб.
4001278820504	Laamei женская летняя блузка, рубашки, сексуальные, v-образный вырез, оборки, блузки с открытой спиной, на бретельках, офисные, женские, без рукавов, повседневные топы	509 заказа(ов)	307,34 - 384,95 руб.
4001144101902	Женские топы и блузки, женская летняя шифоновая Повседневная рубашка с коротким рукавом, топы, женские блузки, футболки, женские топы, chemise femme	32 заказа(ов)	248,36 - 436,18 руб.
4000350226417	Женская блузка с длинным рукавом-фонариком, осенне-зимняя однобортная рубашка с воротником-стойкой, офисная блузка, однотонная винтажная блузка, рубашки	4893 заказа(ов)	800,95 руб.
4001032575168	2020 полосатая рубашка с цветочным принтом, женские блузки, летние рубашки с рукавом-бабочкой и v-образным вырезом на пуговицах, элегантная Офисная Женская блузка, весенний Топ	795 заказа(ов)	785,42 - 1 137,00 руб.
33057341285	Женские блузки с длинным рукавом 2020 размера плюс, рубашка с отложным воротником, повседневные топы, элегантная одежда для работы, шифоновые рубашки 5XL	1367 заказа(ов)	542,50 - 666,68 руб.
1000006816535	Aachoae женские блузки 2020 модная офисная рубашка с длинным рукавом и отложным воротником рубашки повседневные топы плюс размер Blusas Femininas	4974 заказа(ов)	836,65 руб.
4001055306108	Женская блузка винтажного размера плюс из хлопка и льна с круглым вырезом, коротким рукавом, цветочным принтом, блузка Blusas Dames, блузка Zomer @ 40	111 заказа(ов)	288,72 - 635,64 руб.
4000355158102	Женская блузка с длинными рукавами и металлическими пуговицами, Повседневная Осенняя блузка с круглым вырезом и принтом размера плюс, 2020	980 заказа(ов)	488,95 - 578,98 руб.
4001317334177	Женская шифоновая блузка с рукавом 3/4, повседневные рубашки с v-образным вырезом и градиентным принтом, блузки размера плюс для осени		697,72 - 852,95 руб.
1005001379500596	Женская винтажная блузка Zevity, блузка в горошек с принтом граффити, блузка со складками и рукавами-фонариками, шикарные женские блузы, топы LS7215	14 заказа(ов)	762,92 руб.
4001053005137	Женская блузка с капюшоном, круглый воротник, чистый цвет, без капюшона, с длинными рукавами, топы и худи для друзей, модная короткая толстовка с капюшоном # mh	5 заказа(ов)	265,43 - 444,71 руб.
4000481430167	Женская леопардовая блузка # Z20, праздничный топ с длинными рукавами и глубоким v-образным вырезом, Пляжная рубашка с леопардовым принтом, осень 2020	96 заказа(ов)	277,85 - 576,65 руб.
4001179854960	Летняя женская рубашка с бабочками, туника, блузка, женские блузы, Ретро стиль, клетчатые рубашки, Camisa Femnininas, мешковатые, повседневные, винтажные Blusa	33 заказа(ов)	354,69 - 764,47 руб.
4001103073263	Модная рубашка, новая рубашка с длинными рукавами, Свободная Женская рубашка большого размера	140 заказа(ов)	617,01 руб.
4000240122342	Женская Повседневная рубашка с капюшоном и принтом кошачьих ушей, Женские топы и блузки с длинными рукавами и карманом, необычная блузка наивысшего размера плюс	125 заказа(ов)	369,43 - 791,63 руб.
4001247965624	2020 размера плюс блузка женская с принтом звезды v-образным вырезом с длинным рукавом Повседневная рубашка блузка Harajuku розовая блузка женская блузка горячая распродажа	42 заказа(ов)	302,69 - 634,86 руб.
4001241549491	Женские блузки с отложным воротником, свободная верхняя одежда, осенние Рубашки, клетчатая универсальная рубашка с рукавом «летучая мышь» в стиле Харадзюку, 4 цвета, шикарная рубашка в клетку	100 заказа(ов)	601,49 - 714,02 руб.
32999845889	Женские топы и блузки Aachoae, летняя блузка с цветочным принтом и длинным рукавом, Офисная рубашка с отложным воротником, большие размеры, 2020		806,38 - 907,27 руб.
1005001271382763	Женские рубашки Лето Осень Повседневная шифоновая блузка с v-образным вырезом женский топ Camisa Feminina с длинным рукавом черные белые женские блузки рубашка	72 заказа(ов)	670,56 - 819,57 руб.
4001217299698	Новинка 2020, прозрачная Корейская Свободная Женская кружевная блузка, 3 цвета, Женские приталенные блузки размера плюс, недорогие Топы	365 заказа(ов)	309,67 руб.
4000640895399	Женские блузки с буквенным принтом и пуговицами, летние модные блузки с v-образным вырезом и длинным рукавом, блузки размера плюс, женская одежда, 2020	109 заказа(ов)	315,10 - 462,56 руб.
4000540265858	Женская офисная блузка # Z20, повседневная однотонная белая блузка с круглым вырезом, длинными рукавами и металлическими пуговицами, топы для женщин	77 заказа(ов)	312,00 - 661,25 руб.
4000543880486	Женская свободная кофта с принтом динозавра, каваи, уличная одежда, Харадзюку, худи, Женская толстовка в японском стиле	396 заказа(ов)	497,49 - 969,36 руб.
1005001414657916	Новая осенняя и зимняя женская рубашка с длинным рукавом и принтом большого размера, свободная женская рубашка	4 заказа(ов)	1 211,51 руб.
4001238978220	Женская Повседневная Блузка с длинным рукавом, леопардовая блузка белого цвета с v-образным вырезом и молнией, для весны и осени, размера плюс	282 заказа(ов)	467,22 - 488,95 руб.
4000465761409	Женские топы и блузки на молнии # Z20, красная клетчатая рубашка с v-образным вырезом и длинным рукавом, повседневная женская одежда	29 заказа(ов)	315,88 - 666,68 руб.
4000540301571	Женская блузка с леопардовым принтом # Z20, офисный пуловер с v-образным вырезом и рукавом 3/4, Повседневная рубашка	21 заказа(ов)	287,16 - 596,83 руб.
4000517650531	Женские блузки с v-образным вырезом, плиссированные, с принтом кота, с длинным рукавом, повседневные топы, блузки, блузы, женские топы		382,63 - 713,25 руб.
4000714153451	Fleur Wood, женские блузки, сексуальная Кружевная блуза с открытой спиной, рубашка с отворотом, Женские топы и блузки, однотонная Повседневная Женская Офисная рубашка	152 заказа(ов)	998,85 руб.
4001310127538	Женская винтажная блузка ZEVITY, Повседневная Блузка с принтом в стиле ретро, с длинным рукавом, деловые Рубашки, Топы LS7125	20 заказа(ов)	852,17 руб.
4000685450792	Вельветовые рубашки, Женские топы и блузки с длинным рукавом, Весенняя женская однотонная Свободная рубашка в стиле бойфренда		848,29 руб.
1005001319356097	Женская блузка в горошек с оборками, рубашка, Осень-зима 2020, с длинным рукавом и v-образным вырезом, топы, элегантные офисные женские блузы на пуговицах	124 заказа(ов)	811,04 - 1 231,69 руб.
4000955212056	Клетчатая Женская шерстяная рубашка больших размеров, 2020, модная женская мягкая плотная рубашка, вечерние женские элегантные свободные топы, винтажная шикарная рубашка для девочек	1547 заказа(ов)	1 450,55 - 1 811,44 руб.
1005001438257044	Женские шифоновые рубашки с v-образным вырезом на лето и осень 2020, Женские топы и блузки с длинным рукавом, черные и белые женские рубашки	5 заказа(ов)	687,63 - 836,65 руб.
1005001315862848	Лидер продаж, Женские топы и блузки, повседневная Клетчатая блузка с коротким рукавом и v-образным вырезом, Рубашка с асимметричным подолом, большие размеры	15 заказа(ов)	218,09 - 406,68 руб.
4000850763189	Женская Повседневная блузка из органзы, Элегантная трикотажная блузка с пышными рукавами и квадратным воротником, модель LS6464	1144 заказа(ов)	852,17 руб.
1005001267163426	Новая Осенняя женская блузка с v-образным вырезом и рукавом «летучая мышь», повседневная однотонная блузка с принтом в виде галстука-красителя, свободная уличная блузка с коротким рукавом	25 заказа(ов)	998,85 руб.
4000912938158	Трикотажная блузка TWOSS20BZ1688	19 заказа(ов)	452,47 руб.
33055796532	Женская шифоновая блузка с длинным рукавом и отложным воротником, повседневные топы размера плюс, элегантная Рабочая Рубашка, 2020	1697 заказа(ов)	542,50 - 620,11 руб.
4000937388095	Женская рубашка с принтом ангела Deeptown Harajuku, элегантная винтажная блузка с рукавами-фонариками на осень 2020, свободная рубашка BF	1412 заказа(ов)	929,78 - 1 008,94 руб.
1005001379611825	Женская винтажная блузка Zevity, с принтом животных, с узлом на подоле, Повседневная рубашка с длинным рукавом, женские блузы, топы LS7217	37 заказа(ов)	852,17 руб.
4001153612108	Женская блузка в горошек без рукавов с открытыми плечами, модный топ размера плюс, топы и блузки для женщин, лето 2020	73 заказа(ов)	697,72 руб.
4000401794957	Женская блузка с принтом сердца, с круглым вырезом, с длинным рукавом, повседневные рубашки для женщин размера плюс, Свободный Топ, Blusas Mujer # YJ	284 заказа(ов)	325,97 - 614,68 руб.
4000341959810	Женская блузка с длинным рукавом UGOCCAM, осенняя Свободная блузка с длинным рукавом, женская блузка размера плюс	452 заказа(ов)	1 078,79 руб.
4000529947920	Блузка женская с длинным рукавом	648 заказа(ов)	301,91 - 714,80 руб.
4000430768691	Элегантная блузка на пуговицах с рюшами и принтом, Женский пуловер с круглым вырезом, топы Blusa, весенне-осенняя блузка в горошек с длинными рукавами, уличная одежда	13 заказа(ов)	866,14 - 956,94 руб.
4000461317144	Женские асимметричные топы Celmia, модные однотонные Блузы с пуговицами сзади и оборками, повседневные блузы с длинным рукавом и отворотом, 5XL, 2020	473 заказа(ов)	930,56 руб.
4001077294439	Летний топ без рукавов, женская белая блузка с круглым вырезом, Женская свободная однотонная Повседневная Блузка черного цвета из хлопка коричневого цвета 2020	1281 заказа(ов)	677,55 руб.
1005001365301340	Женская рубашка в полоску с длинным рукавом, Свободный пуловер с v-образным вырезом и пуговицами, топ размера плюс на осень, 2019	3 заказа(ов)	446,27 руб.
4001102499281	Женская шифоновая блузка с длинным рукавом, элегантная офисная блузка с v-образным вырезом, Тонкий Повседневный Топ в горошек	211 заказа(ов)	315,88 руб.
32955871190	Белая кружевная шифоновая блузка с рюшами, рубашка с длинными рукавами, новинка 2019, весна-лето, Женские топы и блузки, туники	19 заказа(ов)	829,66 руб.
4000620763662	Женская прозрачная блузка в горошек с глубоким v-образным вырезом, сетчатая рубашка с длинными рукавами-фонариками, черная рубашка, женские блузки, вечерние блузки, 2020	150 заказа(ов)	277,85 руб.
1005001370643251	Летняя женская винтажная блузка с принтом, рубашки 2020, элегантный женский пуловер с круглым вырезом, топы, Повседневная Свободная уличная одежда с коротким рукавом, Blusa XXL	18 заказа(ов)	741,19 - 866,92 руб.
4001103073263	Модная рубашка, новая рубашка с длинными рукавами, Свободная Женская рубашка большого размера	140 заказа(ов)	617,01 руб.
4001247965624	2020 размера плюс блузка женская с принтом звезды v-образным вырезом с длинным рукавом Повседневная рубашка блузка Harajuku розовая блузка женская блузка горячая распродажа	42 заказа(ов)	302,69 - 634,86 руб.
4001055216896	Женская винтажная блузка из смесового хлопка с круглым вырезом и коротким рукавом, Повседневная рубашка с цветочным принтом размера плюс, блузка @ 40	33 заказа(ов)	286,39 - 624,77 руб.
4000839140236	Женская Асимметричная блузка VONDA, вечерние топы в полоску с раздельным подолом, Длинные офисные рубашки, Летняя туника размера плюс, 2020	52 заказа(ов)	775,33 руб.
4001068823618	Женская Элегантная блузка с принтом в виде губ, Летняя Повседневная Блузка с воротником-стойкой, пуловеры, топы для девушек, модные милые Блузы с коротким рукавом, 2020	2137 заказа(ов)	737,31 - 919,69 руб.
1005001414657916	Новая осенняя и зимняя женская рубашка с длинным рукавом и принтом большого размера, свободная женская рубашка	4 заказа(ов)	1 211,51 руб.
4001095516864	ZANZEA элегантная женская блузка с длинными рукавами, повседневная женская блузка из хлопка размера плюс, осень 2020	7 заказа(ов)	984,88 руб.
4000562689293	Женская блузка с рукавами-фонариками # K20, Повседневная Блузка с круглым вырезом и длинными рукавами, серебристая блузка	38 заказа(ов)	294,93 - 569,67 руб.
4000576387046	Женская Асимметричная блузка ZANZEA, Повседневная рубашка на пуговицах с рукавами-фонариками и отложным воротником размера плюс, весна 2020	86 заказа(ов)	938,32 руб.
4001176599040	ZANZEA 2020, топы с короткими рукавами, кафтан, женские Нерегулярные Рубашки, Летняя Повседневная блузка, женская блуза на пуговицах, блузы размера плюс, туника 5XL	8 заказа(ов)	992,64 руб.
1005001412455020	Женская Свободная блузка с круглым вырезом и длинными рукавами, модель 2020 года на осень		800,17 руб.
1005001275972906	Женская блузка с короткими рукавами ZEVITY, элегантная повседневная блузка с принтом зеленых листьев и цветов, шикарные атласные топы, LS7105	34 заказа(ов)	692,29 руб.
1005001379611825	Женская винтажная блузка Zevity, с принтом животных, с узлом на подоле, Повседневная рубашка с длинным рукавом, женские блузы, топы LS7217	37 заказа(ов)	852,17 руб.
4001269904198	Женская Свободная блузка Zevity, повседневная короткая блузка с животным принтом, с отложным воротником, с коротким рукавом, модель LS7038	33 заказа(ов)	635,64 руб.
1005001315218056	Осенняя женская элегантная блузка с отложным воротником, рубашка с цветочным принтом 2020, винтажный топ на пуговицах, Офисная Женская Повседневная блуза с длинным рукавом 5XL	140 заказа(ов)	882,44 - 929,00 руб.
1005001302100855	2020 осень модные женские топы и блузки с длинными рукавами и буквенным принтом, шифоновые рубашки на каждый день, для девушек с кружевным бантом одежда с вырезом Blusas Mujer	3 заказа(ов)	953,84 руб.
4000786494802	Женская блузка с цветочным принтом, Повседневная Асимметричная блузка с рукавом 3/4 и асимметричным подолом, большие размеры, весна-лето 2020	1157 заказа(ов)	403,58 - 650,38 руб.
4001179854960	Летняя женская рубашка с бабочками, туника, блузка, женские блузы, Ретро стиль, клетчатые рубашки, Camisa Femnininas, мешковатые, повседневные, винтажные Blusa	33 заказа(ов)	354,69 - 764,47 руб.
4000507094123	Женские рубашки большого размера с v-образным вырезом и длинными рукавами, элегантная Осенняя блузка #45, 2020	85 заказа(ов)	298,03 - 684,53 руб.
4001175436094	Женская Элегантная блузка из хлопка и льна с принтом одуванчика, летняя рубашка с v-образным вырезом и коротким рукавом, Повседневная Свободная уличная одежда размера плюс	185 заказа(ов)	737,31 - 786,20 руб.
4000341609339	Женская блузка с длинным рукавом UGOCCAM, элегантная офисная блузка с длинным рукавом, топ размера плюс, blusas mujer de moda	1705 заказа(ов)	968,59 руб.
1005001359404338	Женская блузка из поплина ZEVITY, кружевная Повседневная белая блузка с рукавами-фонариками и воротником Питер Пэн, LS7201	35 заказа(ов)	852,17 руб.
4000529997904	Блузка женская с длинным рукавом	69 заказа(ов)	269,31 - 538,62 руб.
4001163941634	Женские блузки и Топ Мода 2020 размера плюс градиент v-образным вырезом с коротким рукавом рубашки пуловер на пуговицах Топы Blusas Mujer @ 47	7 заказа(ов)	266,21 - 462,56 руб.
4000519485998	Женская блузка с пуговицами на спине # Z25, винтажный однотонный Свободный топ с длинными рукавами, рабочая одежда, Женские топы и блузки большого размера	16 заказа(ов)	315,10 - 630,20 руб.
4001207778279	Модная женская клетчатая рубашка, топы с длинным рукавом, Женская вышитая рубашка из чистого хлопка, фланелевая рубашка, блузка, женские рубашки, женские топы	11 заказа(ов)	1 248,76 - 1 338,01 руб.
1005001314120824	Женская рубашка большого размера плюс с отложным воротником, белая рубашка на пуговицах, повседневные топы большого размера, Новое поступление, винтажная клетчатая блузка с рукавами-фонариками	87 заказа(ов)	768,35 - 1 078,79 руб.
4001059961584	Винтажные льняные рубашки, женская блузка с вышивкой 2020 ZANZEA повседневные блузы с коротким рукавом женские топы с круглым вырезом с цветочным принтом размера плюс туника	14 заказа(ов)	922,80 руб.
4001091925205	Женские топы и блузки с пуговицами # H30, однотонные хлопковые и льняные рубашки с длинными рукавами, женские топы	18 заказа(ов)	319,76 - 579,76 руб.
1005001315862848	Лидер продаж, Женские топы и блузки, повседневная Клетчатая блузка с коротким рукавом и v-образным вырезом, Рубашка с асимметричным подолом, большие размеры	15 заказа(ов)	218,09 - 406,68 руб.
4000931005833	Женская блузка размера плюс, модная летняя блузка с цветочным принтом, v-образным вырезом и рукавом до локтя, кружевная женская рубашка в стиле бохо 2020	222 заказа(ов)	1 008,94 руб.
1005001336348701	Женская блузка с длинным рукавом, Сексуальная Блузка с принтом губ, Элегантные Осенние однотонные пуловеры с воротником-стойкой, топы для офиса, базовая женская рубашка Blusas		773,78 - 804,83 руб.
33034936050	Женские шифоновые блузки с рюшами, винтажные стильные блузки с v-образным вырезом и длинным рукавом, повседневные рубашки, 2020	86 заказа(ов)	1 053,18 руб.
4000162191644	Женская винтажная блузка KPYTOMOA, свободная блузка в горошек с отложным воротником и длинным рукавом, шикарные топы, 2020	20 заказа(ов)	1 114,49 руб.
4000545173404	Женские блузки в горошек Celmia, повседневные свободные блузки с длинным рукавом и отворотом, элегантные блузы с длинным рукавом	193 заказа(ов)	852,95 - 930,56 руб.
4000623782945	Женская блузка с длинным рукавом и принтом цепей, Свободная Повседневная Блузка с v-образным вырезом размера плюс, новый дизайн 2020	1164 заказа(ов)	775,33 руб.
4000043756054	Женская джинсовая рубашка, длинная свободная блузка с длинным рукавом, Повседневная Джинсовая блузка, летние топы, джинсовая рубашка	301 заказа(ов)	573,55 - 619,34 руб.
4001284238997	Женская блузка # H40 с милым котиком и градиентным принтом, Женские топы с v-образным вырезом, Осенние повседневные длинные рубашки с длинными рукавами и карманом	8 заказа(ов)	502,15 - 764,47 руб.
1005001371765752	Женская Свободная блузка с длинным рукавом, осенняя винтажная уличная рубашка с абстрактным принтом, топы размера плюс, повседневная женская блуза с v-образным вырезом		727,99 - 811,81 руб.
4001179230885	Сексуальная губная помада с принтом, блузка с открытыми плечами, рубашка 2020, повседневная женская блуза с длинным рукавом, Осенний пуловер с лямкой на шее, топы, толстовка	20 заказа(ов)	883,21 руб.
