id	description	number_of_orders	price	url
32919829940	12 В постоянного тока 85 дБ, мини электронный сигнал тревоги, Постоянный тон, Прямая поставка		74,67 руб.	//aliexpress.ru/item/32919829940.html?algo_pvid=fedca3b9-3147-4034-97c0-881328f96db3&algo_expid=fedca3b9-3147-4034-97c0-881328f96db3-0&btsid=0b8b037216010146578652252ec9ef&ws_ab_test=searchweb0_0,searchweb201602_,searchweb201603_
32690591655	Цифровой дисплей, мини USB измеритель напряжения тока, портативный мини детектор тока и напряжения зарядное устройство	145 продано	69,11 руб.	//aliexpress.ru/item/32690591655.html?algo_pvid=fedca3b9-3147-4034-97c0-881328f96db3&algo_expid=fedca3b9-3147-4034-97c0-881328f96db3-1&btsid=0b8b037216010146578652252ec9ef&ws_ab_test=searchweb0_0,searchweb201602_,searchweb201603_
32831217667	Профессиональный RJ45 RJ11 RJ12 CAT5 UTP сетевой LAN USB кабель тестовый er детектор удаленные тестовые инструменты сетевой инструмент	27 продано	115,17 руб.	//aliexpress.ru/item/32831217667.html?algo_pvid=fedca3b9-3147-4034-97c0-881328f96db3&algo_expid=fedca3b9-3147-4034-97c0-881328f96db3-2&btsid=0b8b037216010146578652252ec9ef&ws_ab_test=searchweb0_0,searchweb201602_,searchweb201603_
4001224613141	Новый Электрический 35 мм Дальний удар, толкающий соленоид, постоянный ток 12 В, небольшой электромагнитный Электрический магнит, прочный		905,48 руб.	//aliexpress.ru/item/4001224613141.html?algo_pvid=fedca3b9-3147-4034-97c0-881328f96db3&algo_expid=fedca3b9-3147-4034-97c0-881328f96db3-3&btsid=0b8b037216010146578652252ec9ef&ws_ab_test=searchweb0_0,searchweb201602_,searchweb201603_
32922827298	Мини-микрофон для ПК, ноутбука, скайпа, 3,5 мм, 1 шт.	48 продано	90,55 руб.	//aliexpress.ru/item/32922827298.html?algo_pvid=fedca3b9-3147-4034-97c0-881328f96db3&algo_expid=fedca3b9-3147-4034-97c0-881328f96db3-4&btsid=0b8b037216010146578652252ec9ef&ws_ab_test=searchweb0_0,searchweb201602_,searchweb201603_
32949749017	USB плата с зарядным портом и 12-контактным гибким кабелем для контроллера PS4 и PS4, Oct18, Прямая поставка	12 продано	72,28 руб.	//aliexpress.ru/item/32949749017.html?algo_pvid=fedca3b9-3147-4034-97c0-881328f96db3&algo_expid=fedca3b9-3147-4034-97c0-881328f96db3-5&btsid=0b8b037216010146578652252ec9ef&ws_ab_test=searchweb0_0,searchweb201602_,searchweb201603_
32768827725	USB/кабель программирования PPI для Siemens, ПК/PPI (PCPPI) Версия USB 6ES7 901-3DB30-0XA0 Win7 Wincc Runtime, 1 шт., для Siemens, USB-PPI, PC/PPI (PCPPI)	8 продано	1 111,19 руб.	//aliexpress.ru/item/32768827725.html?algo_pvid=fedca3b9-3147-4034-97c0-881328f96db3&algo_expid=fedca3b9-3147-4034-97c0-881328f96db3-6&btsid=0b8b037216010146578652252ec9ef&ws_ab_test=searchweb0_0,searchweb201602_,searchweb201603_
32997377190	Переходник SATA-USB	37 продано	240,67 руб.	//aliexpress.ru/item/32997377190.html?algo_pvid=fedca3b9-3147-4034-97c0-881328f96db3&algo_expid=fedca3b9-3147-4034-97c0-881328f96db3-7&btsid=0b8b037216010146578652252ec9ef&ws_ab_test=searchweb0_0,searchweb201602_,searchweb201603_
32923219128	10 шт., Micro USB, MK5P, 5pin, гнездовой разъем, Micro USB, Прямая зарядка, Прямая поставка	34 продано	46,07 руб.	//aliexpress.ru/item/32923219128.html?algo_pvid=fedca3b9-3147-4034-97c0-881328f96db3&algo_expid=fedca3b9-3147-4034-97c0-881328f96db3-8&btsid=0b8b037216010146578652252ec9ef&ws_ab_test=searchweb0_0,searchweb201602_,searchweb201603_
32998176039	USB повышающий преобразователь, 5 В-9 в 12 в пост. Тока, USB кабель-преобразователь + 3,5x1,35 мм разъем для питания/зарядного устройства/преобразоват...	6 продано	219,22 руб.	//aliexpress.ru/item/32998176039.html?algo_pvid=fedca3b9-3147-4034-97c0-881328f96db3&algo_expid=fedca3b9-3147-4034-97c0-881328f96db3-9&btsid=0b8b037216010146578652252ec9ef&ws_ab_test=searchweb0_0,searchweb201602_,searchweb201603_
32721550944	"Новое поступление, пластиковый Электрический электромагнитный клапан для воды 12 В, постоянный ток 3/4 ""N/C, обычно закрытый вход, управление по..."	31 продано	350,28 руб.	//aliexpress.ru/item/32721550944.html?algo_pvid=fedca3b9-3147-4034-97c0-881328f96db3&algo_expid=fedca3b9-3147-4034-97c0-881328f96db3-10&btsid=0b8b037216010146578652252ec9ef&ws_ab_test=searchweb0_0,searchweb201602_,searchweb201603_
32767323128	Бесплатная доставка, 1 шт., изолированная версия с разъемом по USB, для ПЛК 6ED1057-1AA01-0BA0/логотип на USB-LOGO! Для Siemens	4 продано	1 421,75 руб.	//aliexpress.ru/item/32767323128.html?algo_pvid=fedca3b9-3147-4034-97c0-881328f96db3&algo_expid=fedca3b9-3147-4034-97c0-881328f96db3-11&btsid=0b8b037216010146578652252ec9ef&ws_ab_test=searchweb0_0,searchweb201602_,searchweb201603_
32708446378	Клавиатура AD с имитацией 4-клавишного модуля, аналоговая кнопка для Arduino UNO MEGA2560, плата расширения датчика	4 продано	91,35 руб.	//aliexpress.ru/item/32708446378.html?algo_pvid=fedca3b9-3147-4034-97c0-881328f96db3&algo_expid=fedca3b9-3147-4034-97c0-881328f96db3-12&btsid=0b8b037216010146578652252ec9ef&ws_ab_test=searchweb0_0,searchweb201602_,searchweb201603_
32679465247	ПЛК программирующий кабель для скачивания данных SC09/SC-09 FX A ПЛК серийный кабель для Mitsubishi FX0S/FX1S/FX0N/FX1N/FX2N/3U	2 продано	869,73 руб.	//aliexpress.ru/item/32679465247.html?algo_pvid=fedca3b9-3147-4034-97c0-881328f96db3&algo_expid=fedca3b9-3147-4034-97c0-881328f96db3-13&btsid=0b8b037216010146578652252ec9ef&ws_ab_test=searchweb0_0,searchweb201602_,searchweb201603_
32679497384	Кабель для программирования GE Fanuc SNP, 1 шт., IC690USB901, для серии 90-30, Серия PLC, связь, загрузка, кабель IC690USB90	13 продано	1 421,75 руб.	//aliexpress.ru/item/32679497384.html?algo_pvid=fedca3b9-3147-4034-97c0-881328f96db3&algo_expid=fedca3b9-3147-4034-97c0-881328f96db3-14&btsid=0b8b037216010146578652252ec9ef&ws_ab_test=searchweb0_0,searchweb201602_,searchweb201603_
4000456276207	Модуль gps-навигации G18U8TTL GLONASS BDS, чип усилителя LNA для Arduino Betaflight CC3D FPV, управление полетом, автомобиль, PDA и т. Д.	2 продано	392,38 руб.	//aliexpress.ru/item/4000456276207.html?algo_pvid=fedca3b9-3147-4034-97c0-881328f96db3&algo_expid=fedca3b9-3147-4034-97c0-881328f96db3-15&btsid=0b8b037216010146578652252ec9ef&ws_ab_test=searchweb0_0,searchweb201602_,searchweb201603_
32586277925	JT502 U disk free drive M1 кард-ридер NTAG213 13,56 МГц RFID USB кард-ридер		999,20 руб.	//aliexpress.ru/item/32586277925.html?algo_pvid=fedca3b9-3147-4034-97c0-881328f96db3&algo_expid=fedca3b9-3147-4034-97c0-881328f96db3-16&btsid=0b8b037216010146578652252ec9ef&ws_ab_test=searchweb0_0,searchweb201602_,searchweb201603_
32923167359	Elecrow Новое поступление 500x Портативный USB 2,0 & USB 1,1 совместимый цифровой микроскоп с 2,4-дюймовым HD экраном интегрированная подставка		4 065,88 руб.	//aliexpress.ru/item/32923167359.html?algo_pvid=fedca3b9-3147-4034-97c0-881328f96db3&algo_expid=fedca3b9-3147-4034-97c0-881328f96db3-17&btsid=0b8b037216010146578652252ec9ef&ws_ab_test=searchweb0_0,searchweb201602_,searchweb201603_
32911309378	Адаптер, USB-кабель для Siemens/300/400 PLC PPI MPI, 9-pin, замена для Siemens 6ES7972-0CB20-0XA0	3 продано	1 404,28 - 1 687,04 руб.	//aliexpress.ru/item/32911309378.html?algo_pvid=fedca3b9-3147-4034-97c0-881328f96db3&algo_expid=fedca3b9-3147-4034-97c0-881328f96db3-18&btsid=0b8b037216010146578652252ec9ef&ws_ab_test=searchweb0_0,searchweb201602_,searchweb201603_
32690093439	Плата разработки модуля SDRAM, 256 Мбит/с, Altera FPGA	5 продано	913,42 руб.	//aliexpress.ru/item/32690093439.html?algo_pvid=fedca3b9-3147-4034-97c0-881328f96db3&algo_expid=fedca3b9-3147-4034-97c0-881328f96db3-19&btsid=0b8b037216010146578652252ec9ef&ws_ab_test=searchweb0_0,searchweb201602_,searchweb201603_
32955144456	10 шт. 2,54 мм колодки 4 кнопки, переключатель, Матрица для клавиатуры плата для Arduino UNO MEGA2560 Raspberry pi MCU PCB PLC	34 продано	218,43 руб.	//aliexpress.ru/item/32955144456.html?algo_pvid=fedca3b9-3147-4034-97c0-881328f96db3&algo_expid=fedca3b9-3147-4034-97c0-881328f96db3-20&btsid=0b8b037216010146578652252ec9ef&ws_ab_test=searchweb0_0,searchweb201602_,searchweb201603_
32720526040	Маленький Электрический замок 27x29x18 мм, 12VDC, прочный электромагнитный замок в сборе для дверных Ящиков Шкафа	3 продано	463,07 руб.	//aliexpress.ru/item/32720526040.html?algo_pvid=fedca3b9-3147-4034-97c0-881328f96db3&algo_expid=fedca3b9-3147-4034-97c0-881328f96db3-21&btsid=0b8b037216010146578652252ec9ef&ws_ab_test=searchweb0_0,searchweb201602_,searchweb201603_
32851113892	1 шт. PL2303 HXD 6-контактный USB TTL RS232, последовательный кабель для преобразования PL2303HXD, совместимый с Win XP/VISTA/7/8/8.1/Android OTG	4 продано	205,72 руб.	//aliexpress.ru/item/32851113892.html?algo_pvid=fedca3b9-3147-4034-97c0-881328f96db3&algo_expid=fedca3b9-3147-4034-97c0-881328f96db3-22&btsid=0b8b037216010146578652252ec9ef&ws_ab_test=searchweb0_0,searchweb201602_,searchweb201603_
32712485568	6-контактный FTDI FT232RL USB-последовательный адаптер, модуль USB к TTL кабель RS232	18 продано	248,61 руб.	//aliexpress.ru/item/32712485568.html?algo_pvid=fedca3b9-3147-4034-97c0-881328f96db3&algo_expid=fedca3b9-3147-4034-97c0-881328f96db3-23&btsid=0b8b037216010146578652252ec9ef&ws_ab_test=searchweb0_0,searchweb201602_,searchweb201603_
32712036172	Плата расширения elegrow с ЧПУ V3.51 для Arduino, 3D-печать, совместимая с PWM, Spind, ЧПУ, использует драйверы Pololu	8 продано	1 498 руб.	//aliexpress.ru/item/32712036172.html?algo_pvid=fedca3b9-3147-4034-97c0-881328f96db3&algo_expid=fedca3b9-3147-4034-97c0-881328f96db3-24&btsid=0b8b037216010146578652252ec9ef&ws_ab_test=searchweb0_0,searchweb201602_,searchweb201603_
4000971672290	Обучающий набор Elecrow для Arduino, с 20 модульными датчиками для обучающихся		5 584,53 руб.	//aliexpress.ru/item/4000971672290.html?algo_pvid=fedca3b9-3147-4034-97c0-881328f96db3&algo_expid=fedca3b9-3147-4034-97c0-881328f96db3-25&btsid=0b8b037216010146578652252ec9ef&ws_ab_test=searchweb0_0,searchweb201602_,searchweb201603_
33045432917	Микро-кабель и мини-кабель для Digispark, поддерживают большинство телефонов, сообщают нам, что вы хотите в заказе	2 продано	51,63 руб.	//aliexpress.ru/item/33045432917.html?algo_pvid=fedca3b9-3147-4034-97c0-881328f96db3&algo_expid=fedca3b9-3147-4034-97c0-881328f96db3-26&btsid=0b8b037216010146578652252ec9ef&ws_ab_test=searchweb0_0,searchweb201602_,searchweb201603_
33047261785	Плата приемника супергетеродинного сигнала для RXB12 315 МГц, модуль беспроводного приемника с высокой чувствительностью		146,15 руб.	//aliexpress.ru/item/33047261785.html?algo_pvid=fedca3b9-3147-4034-97c0-881328f96db3&algo_expid=fedca3b9-3147-4034-97c0-881328f96db3-28&btsid=0b8b037216010146578652252ec9ef&ws_ab_test=searchweb0_0,searchweb201602_,searchweb201603_
33051109042	Штепсельная Вилка для автомобильного прикуривателя, 24 В, 12 В, 5x2, 1 мм, пружинный удлинитель для автомобильного зарядного устройства, 1,2 м	8 продано	65,93 руб.	//aliexpress.ru/item/33051109042.html?algo_pvid=fedca3b9-3147-4034-97c0-881328f96db3&algo_expid=fedca3b9-3147-4034-97c0-881328f96db3-29&btsid=0b8b037216010146578652252ec9ef&ws_ab_test=searchweb0_0,searchweb201602_,searchweb201603_
1005001471902906	Это Pinoo Maker Set		6 838,69 руб.	//aliexpress.ru/item/1005001471902906.html?algo_pvid=fedca3b9-3147-4034-97c0-881328f96db3&algo_expid=fedca3b9-3147-4034-97c0-881328f96db3-30&btsid=0b8b037216010146578652252ec9ef&ws_ab_test=searchweb0_0,searchweb201602_,searchweb201603_
32587559617	Разъем 3,5 мм, 1 в 2 пары, наушники-вкладыши, сплиттер Y, адаптер для наушников, для планшета, телефона, MP3, MP4	1 продано	43,69 руб.	//aliexpress.ru/item/32587559617.html?algo_pvid=fedca3b9-3147-4034-97c0-881328f96db3&algo_expid=fedca3b9-3147-4034-97c0-881328f96db3-31&btsid=0b8b037216010146578652252ec9ef&ws_ab_test=searchweb0_0,searchweb201602_,searchweb201603_
32914644205	Черный цифровой светодиодный модуль для самостоятельной сборки зеркальных часов, матричный Настольный будильник, электронный обучающий к...	5 продано	768,86 руб.	//aliexpress.ru/item/32914644205.html?algo_pvid=fedca3b9-3147-4034-97c0-881328f96db3&algo_expid=fedca3b9-3147-4034-97c0-881328f96db3-32&btsid=0b8b037216010146578652252ec9ef&ws_ab_test=searchweb0_0,searchweb201602_,searchweb201603_
32681410897	Плата модуля камеры glyduдля Respberry Pi 2 REV 1,3, 5 Мп, веб-камера, видео 1080p, 720p, быстрая		626,69 руб.	//aliexpress.ru/item/32681410897.html?algo_pvid=fedca3b9-3147-4034-97c0-881328f96db3&algo_expid=fedca3b9-3147-4034-97c0-881328f96db3-33&btsid=0b8b037216010146578652252ec9ef&ws_ab_test=searchweb0_0,searchweb201602_,searchweb201603_
10000369864977	Это полный набор Pinoo, совместимость Mblock разработана для детей, чтобы код с Arduino легче.		8 617,86 руб.	//aliexpress.ru/item/10000369864977.html?algo_pvid=fedca3b9-3147-4034-97c0-881328f96db3&algo_expid=fedca3b9-3147-4034-97c0-881328f96db3-34&btsid=0b8b037216010146578652252ec9ef&ws_ab_test=searchweb0_0,searchweb201602_,searchweb201603_
32974696143	Электромагнитный клапан 1/4 дюйма-5 ~ 85 по Цельсию, 12 В, электрический, масло для воды и воздуха, 2W025 08, латунь, металл, прочный в использовании, д...		854,64 руб.	//aliexpress.ru/item/32974696143.html?algo_pvid=fedca3b9-3147-4034-97c0-881328f96db3&algo_expid=fedca3b9-3147-4034-97c0-881328f96db3-35&btsid=0b8b037216010146578652252ec9ef&ws_ab_test=searchweb0_0,searchweb201602_,searchweb201603_
1005001472000012	Это набор инструментов PinooBot		6 016,62 руб.	//aliexpress.ru/item/1005001472000012.html?algo_pvid=fedca3b9-3147-4034-97c0-881328f96db3&algo_expid=fedca3b9-3147-4034-97c0-881328f96db3-36&btsid=0b8b037216010146578652252ec9ef&ws_ab_test=searchweb0_0,searchweb201602_,searchweb201603_
1005001388542532	Следующий YE-202 TWEN DUAL LNB platinum		2 274,80 руб.	//aliexpress.ru/item/1005001388542532.html?algo_pvid=fedca3b9-3147-4034-97c0-881328f96db3&algo_expid=fedca3b9-3147-4034-97c0-881328f96db3-37&btsid=0b8b037216010146578652252ec9ef&ws_ab_test=searchweb0_0,searchweb201602_,searchweb201603_
32833996489	ЖК-дисплей цифровой рН-метр тестер аквариум бассейн вода рН-метр анализатор с 0,01 автоматическая калибровка Любань		294,68 руб.	//aliexpress.ru/item/32833996489.html?algo_pvid=fedca3b9-3147-4034-97c0-881328f96db3&algo_expid=fedca3b9-3147-4034-97c0-881328f96db3-38&btsid=0b8b037216010146578652252ec9ef&ws_ab_test=searchweb0_0,searchweb201602_,searchweb201603_
32411910730	Комплект для клавиатуры с 4-кнопочным переключателем, 2 шт., 2,54 мм, гнездовой штыревой разъем для raspberry pi FPGA CPLD ARM AVR, плата для разработки		91,35 руб.	//aliexpress.ru/item/32411910730.html?algo_pvid=fedca3b9-3147-4034-97c0-881328f96db3&algo_expid=fedca3b9-3147-4034-97c0-881328f96db3-39&btsid=0b8b037216010146578652252ec9ef&ws_ab_test=searchweb0_0,searchweb201602_,searchweb201603_
1005001471903230	Это базовый набор Pinoo		4 822,82 руб.	//aliexpress.ru/item/1005001471903230.html?algo_pvid=fedca3b9-3147-4034-97c0-881328f96db3&algo_expid=fedca3b9-3147-4034-97c0-881328f96db3-40&btsid=0b8b037216010146578652252ec9ef&ws_ab_test=searchweb0_0,searchweb201602_,searchweb201603_
10000341935836	Goldsun NOVA 4000 Вт Электрический инфракрасный обогреватель окружающей среды		15 329,45 руб.	//aliexpress.ru/item/10000341935836.html?algo_pvid=fedca3b9-3147-4034-97c0-881328f96db3&algo_expid=fedca3b9-3147-4034-97c0-881328f96db3-41&btsid=0b8b037216010146578652252ec9ef&ws_ab_test=searchweb0_0,searchweb201602_,searchweb201603_
1005001388613010	TELETEK SATELLITE prüz TV -R SAT prüz		2 312,13 руб.	//aliexpress.ru/item/1005001388613010.html?algo_pvid=fedca3b9-3147-4034-97c0-881328f96db3&algo_expid=fedca3b9-3147-4034-97c0-881328f96db3-42&btsid=0b8b037216010146578652252ec9ef&ws_ab_test=searchweb0_0,searchweb201602_,searchweb201603_
32416133983	Матрица для клавиатуры с 4 кнопками, плата для клавиатуры Arduino UNO MEGA2560 Raspberry pi PCB PLC, 2 шт.		91,35 руб.	//aliexpress.ru/item/32416133983.html?algo_pvid=fedca3b9-3147-4034-97c0-881328f96db3&algo_expid=fedca3b9-3147-4034-97c0-881328f96db3-43&btsid=0b8b037216010146578652252ec9ef&ws_ab_test=searchweb0_0,searchweb201602_,searchweb201603_
1005001388546514	Next YE-101 sîngle SINGLE LNB platinum		2 111,97 руб.	//aliexpress.ru/item/1005001388546514.html?algo_pvid=fedca3b9-3147-4034-97c0-881328f96db3&algo_expid=fedca3b9-3147-4034-97c0-881328f96db3-44&btsid=0b8b037216010146578652252ec9ef&ws_ab_test=searchweb0_0,searchweb201602_,searchweb201603_
1005001388581206	SHOWMAX SINGLE sîngle LNB GOLD		2 187,43 руб.	//aliexpress.ru/item/1005001388581206.html?algo_pvid=fedca3b9-3147-4034-97c0-881328f96db3&algo_expid=fedca3b9-3147-4034-97c0-881328f96db3-46&btsid=0b8b037216010146578652252ec9ef&ws_ab_test=searchweb0_0,searchweb201602_,searchweb201603_
10000112627823	Защищенная коммуникационная плата Arduino		953,13 руб.	//aliexpress.ru/item/10000112627823.html?algo_pvid=fedca3b9-3147-4034-97c0-881328f96db3&algo_expid=fedca3b9-3147-4034-97c0-881328f96db3-48&btsid=0b8b037216010146578652252ec9ef&ws_ab_test=searchweb0_0,searchweb201602_,searchweb201603_
1237304658	Бесплатная Доставка! Новый USB в mini USB UART TTL кабель, модуль преобразователя, основание на PL2303	2 продано	449,56 руб.	//aliexpress.ru/item/1237304658.html?algo_pvid=fedca3b9-3147-4034-97c0-881328f96db3&algo_expid=fedca3b9-3147-4034-97c0-881328f96db3-49&btsid=0b8b037216010146578652252ec9ef&ws_ab_test=searchweb0_0,searchweb201602_,searchweb201603_
4001274111187	Стартовые наборы для Мега 2560 UNO R3 LCD сервопривод ультразвуковой мотор светодиодный реле		2 212,05 руб.	//aliexpress.ru/item/4001274111187.html?algo_pvid=fedca3b9-3147-4034-97c0-881328f96db3&algo_expid=fedca3b9-3147-4034-97c0-881328f96db3-50&btsid=0b8b037216010146578652252ec9ef&ws_ab_test=searchweb0_0,searchweb201602_,searchweb201603_
10000341937800	Goldsun AQUA 2000 ватт зонтик водостойкий Электрический инфракрасный уличный чайник		11 358,09 руб.	//aliexpress.ru/item/10000341937800.html?algo_pvid=fedca3b9-3147-4034-97c0-881328f96db3&algo_expid=fedca3b9-3147-4034-97c0-881328f96db3-51&btsid=0b8b037216010146578652252ec9ef&ws_ab_test=searchweb0_0,searchweb201602_,searchweb201603_
33001860534	2 шт./лот, кабель HDMI в Mini HDMI, кабель для передачи данных 150 см для экрана/камеры и устройств с мини-портом HDMI		1 072,27 руб.	//aliexpress.ru/item/33001860534.html?algo_pvid=fedca3b9-3147-4034-97c0-881328f96db3&algo_expid=fedca3b9-3147-4034-97c0-881328f96db3-53&btsid=0b8b037216010146578652252ec9ef&ws_ab_test=searchweb0_0,searchweb201602_,searchweb201603_
4000662660440	"Объективы видеонаблюдения COMPUTAR, 2/3 "", 35 мм, F2.0, 5 МП, Объективы CCTV"		1 588,55 руб.	//aliexpress.ru/item/4000662660440.html?algo_pvid=fedca3b9-3147-4034-97c0-881328f96db3&algo_expid=fedca3b9-3147-4034-97c0-881328f96db3-55&btsid=0b8b037216010146578652252ec9ef&ws_ab_test=searchweb0_0,searchweb201602_,searchweb201603_
32645991126	Модуль Keyestudio для Arduino, легкий штекер, Bluetooth 2,0, пар		642,57 руб.	//aliexpress.ru/item/32645991126.html?algo_pvid=fedca3b9-3147-4034-97c0-881328f96db3&algo_expid=fedca3b9-3147-4034-97c0-881328f96db3-56&btsid=0b8b037216010146578652252ec9ef&ws_ab_test=searchweb0_0,searchweb201602_,searchweb201603_
4000068491806	Профессиональный 4K T300S eDP ЖК-экран тестер для монитора дисплей Встроенный усилитель постоянного тока цепи		27 004,46 руб.	//aliexpress.ru/item/4000068491806.html?algo_pvid=fedca3b9-3147-4034-97c0-881328f96db3&algo_expid=fedca3b9-3147-4034-97c0-881328f96db3-57&btsid=0b8b037216010146578652252ec9ef&ws_ab_test=searchweb0_0,searchweb201602_,searchweb201603_
4000080886364	Печатная плата Crane EL13058001		9 451,84 руб.	//aliexpress.ru/item/4000080886364.html?algo_pvid=fedca3b9-3147-4034-97c0-881328f96db3&algo_expid=fedca3b9-3147-4034-97c0-881328f96db3-59&btsid=0b8b037216010146578652252ec9ef&ws_ab_test=searchweb0_0,searchweb201602_,searchweb201603_
32920728583	Повышающий преобразователь напряжения с USB 5 В на 6-15 в, модуль инверторов с регулируемым выходом постоянного тока 6 в 7 в 8 в 9 в 12 В, Прямая пост...	71 продано	196,19 руб.	//aliexpress.ru/item/32920728583.html?algo_pvid=2e4aa9b8-1e21-4001-b626-25e6c73851b8&algo_expid=2e4aa9b8-1e21-4001-b626-25e6c73851b8-0&btsid=0b8b037216010146780402395ec9ef&ws_ab_test=searchweb0_0,searchweb201602_,searchweb201603_
32921234999	Переходник с USB 2,0 «папа» на USB 3,1 «мама», адаптер для зарядки, передача данных, Прямая поставка	29 продано	73,08 руб.	//aliexpress.ru/item/32921234999.html?algo_pvid=2e4aa9b8-1e21-4001-b626-25e6c73851b8&algo_expid=2e4aa9b8-1e21-4001-b626-25e6c73851b8-1&btsid=0b8b037216010146780402395ec9ef&ws_ab_test=searchweb0_0,searchweb201602_,searchweb201603_
32922843004	90-градусный прямоугольный 3,5 мм штекер-штекер, стерео аудио кабель для автомобиля, AUX, Прямая поставка	3 продано	66,72 руб.	//aliexpress.ru/item/32922843004.html?algo_pvid=2e4aa9b8-1e21-4001-b626-25e6c73851b8&algo_expid=2e4aa9b8-1e21-4001-b626-25e6c73851b8-2&btsid=0b8b037216010146780402395ec9ef&ws_ab_test=searchweb0_0,searchweb201602_,searchweb201603_
32436131683	Высоковольтный генератор постоянного тока 3 В до 7 кв, бустер, силовой модуль, катушка зажигания, Прямая поставка	4 продано	316,13 руб.	//aliexpress.ru/item/32436131683.html?algo_pvid=2e4aa9b8-1e21-4001-b626-25e6c73851b8&algo_expid=2e4aa9b8-1e21-4001-b626-25e6c73851b8-3&btsid=0b8b037216010146780402395ec9ef&ws_ab_test=searchweb0_0,searchweb201602_,searchweb201603_
32763793636	1 шт., Кабель для программирования ПЛК QC30R2 RS232 для Mitsubishi MELSEC Q Series PLC/RS232, программирование последовательных портов	10 продано	595,71 руб.	//aliexpress.ru/item/32763793636.html?algo_pvid=2e4aa9b8-1e21-4001-b626-25e6c73851b8&algo_expid=2e4aa9b8-1e21-4001-b626-25e6c73851b8-4&btsid=0b8b037216010146780402395ec9ef&ws_ab_test=searchweb0_0,searchweb201602_,searchweb201603_
32680612179	Кабель для программирования ПЛК/кабель для загрузки данных, 1 шт., кабель для подключения к разъему ПЛК/USB серии 1200/1500 для микролоникс, 1000/	4 продано	1 342,32 руб.	//aliexpress.ru/item/32680612179.html?algo_pvid=2e4aa9b8-1e21-4001-b626-25e6c73851b8&algo_expid=2e4aa9b8-1e21-4001-b626-25e6c73851b8-5&btsid=0b8b037216010146780402395ec9ef&ws_ab_test=searchweb0_0,searchweb201602_,searchweb201603_
32408751830	1 шт., Кабель для программирования данных по ПЛК для Mitsubishi/USB-SC09-FX SC09 FX FX1N / FX2N / FX1S/FX3U, Кабель для программирования ПЛК	6 продано	1 111,19 руб.	//aliexpress.ru/item/32408751830.html?algo_pvid=2e4aa9b8-1e21-4001-b626-25e6c73851b8&algo_expid=2e4aa9b8-1e21-4001-b626-25e6c73851b8-6&btsid=0b8b037216010146780402395ec9ef&ws_ab_test=searchweb0_0,searchweb201602_,searchweb201603_
32991836816	Высокое качество 5V dual usb 18650 аккумулятор мобильный телефон чехол Зарядное устройство diy чехол для телефона		338,36 руб.	//aliexpress.ru/item/32991836816.html?algo_pvid=2e4aa9b8-1e21-4001-b626-25e6c73851b8&algo_expid=2e4aa9b8-1e21-4001-b626-25e6c73851b8-9&btsid=0b8b037216010146780402395ec9ef&ws_ab_test=searchweb0_0,searchweb201602_,searchweb201603_
32904530050	Переходник цифрового в аналоговый аудио, цифровой коаксиальный сигнал, аналоговый аудио домашний кинотеатр, DVD		369,34 руб.	//aliexpress.ru/item/32904530050.html?algo_pvid=2e4aa9b8-1e21-4001-b626-25e6c73851b8&algo_expid=2e4aa9b8-1e21-4001-b626-25e6c73851b8-10&btsid=0b8b037216010146780402395ec9ef&ws_ab_test=searchweb0_0,searchweb201602_,searchweb201603_
32416133983	Матрица для клавиатуры с 4 кнопками, плата для клавиатуры Arduino UNO MEGA2560 Raspberry pi PCB PLC, 2 шт.		91,35 руб.	//aliexpress.ru/item/32416133983.html?algo_pvid=2e4aa9b8-1e21-4001-b626-25e6c73851b8&algo_expid=2e4aa9b8-1e21-4001-b626-25e6c73851b8-11&btsid=0b8b037216010146780402395ec9ef&ws_ab_test=searchweb0_0,searchweb201602_,searchweb201603_
32709096585	10 шт. AD клавиатура 4 аксессуары, плата, матричные кнопки, управляемая клавиатура с портом ADC		647,34 руб.	//aliexpress.ru/item/32709096585.html?algo_pvid=2e4aa9b8-1e21-4001-b626-25e6c73851b8&algo_expid=2e4aa9b8-1e21-4001-b626-25e6c73851b8-12&btsid=0b8b037216010146780402395ec9ef&ws_ab_test=searchweb0_0,searchweb201602_,searchweb201603_
1005001388581207	TELEtek MD-620 модулятор		3 750,56 руб.	//aliexpress.ru/item/1005001388581207.html?algo_pvid=2e4aa9b8-1e21-4001-b626-25e6c73851b8&algo_expid=2e4aa9b8-1e21-4001-b626-25e6c73851b8-13&btsid=0b8b037216010146780402395ec9ef&ws_ab_test=searchweb0_0,searchweb201602_,searchweb201603_
1005001388478984	Hîremco HR-04 QUATTROGOLD центральный LNB Sİ		2 812,52 руб.	//aliexpress.ru/item/1005001388478984.html?algo_pvid=2e4aa9b8-1e21-4001-b626-25e6c73851b8&algo_expid=2e4aa9b8-1e21-4001-b626-25e6c73851b8-14&btsid=0b8b037216010146780402395ec9ef&ws_ab_test=searchweb0_0,searchweb201602_,searchweb201603_
10000369864977	Это полный набор Pinoo, совместимость Mblock разработана для детей, чтобы код с Arduino легче.		8 617,86 руб.	//aliexpress.ru/item/10000369864977.html?algo_pvid=2e4aa9b8-1e21-4001-b626-25e6c73851b8&algo_expid=2e4aa9b8-1e21-4001-b626-25e6c73851b8-16&btsid=0b8b037216010146780402395ec9ef&ws_ab_test=searchweb0_0,searchweb201602_,searchweb201603_
33001860534	2 шт./лот, кабель HDMI в Mini HDMI, кабель для передачи данных 150 см для экрана/камеры и устройств с мини-портом HDMI		1 072,27 руб.	//aliexpress.ru/item/33001860534.html?algo_pvid=2e4aa9b8-1e21-4001-b626-25e6c73851b8&algo_expid=2e4aa9b8-1e21-4001-b626-25e6c73851b8-17&btsid=0b8b037216010146780402395ec9ef&ws_ab_test=searchweb0_0,searchweb201602_,searchweb201603_
32359176179	10 шт., модуль голосового управления MT8870 DTMF		2 826,82 руб.	//aliexpress.ru/item/32359176179.html?algo_pvid=2e4aa9b8-1e21-4001-b626-25e6c73851b8&algo_expid=2e4aa9b8-1e21-4001-b626-25e6c73851b8-18&btsid=0b8b037216010146780402395ec9ef&ws_ab_test=searchweb0_0,searchweb201602_,searchweb201603_
1005001472000012	Это набор инструментов PinooBot		6 016,62 руб.	//aliexpress.ru/item/1005001472000012.html?algo_pvid=2e4aa9b8-1e21-4001-b626-25e6c73851b8&algo_expid=2e4aa9b8-1e21-4001-b626-25e6c73851b8-19&btsid=0b8b037216010146780402395ec9ef&ws_ab_test=searchweb0_0,searchweb201602_,searchweb201603_
32919777382	Портативный цифровой микроскоп Elecrow, 1-600X 3,6 МП, 4,3-дюймовый HD OLED дисплей, непрерывная Лупа с подставкой из алюминиевого сплава		4 981,68 руб.	//aliexpress.ru/item/32919777382.html?algo_pvid=2e4aa9b8-1e21-4001-b626-25e6c73851b8&algo_expid=2e4aa9b8-1e21-4001-b626-25e6c73851b8-20&btsid=0b8b037216010146780402395ec9ef&ws_ab_test=searchweb0_0,searchweb201602_,searchweb201603_
10000369857320	Это набор изобретений Pinoo, совместимость Mblock разработана для детей, чтобы код с Arduino легче.		5 949,10 руб.	//aliexpress.ru/item/10000369857320.html?algo_pvid=2e4aa9b8-1e21-4001-b626-25e6c73851b8&algo_expid=2e4aa9b8-1e21-4001-b626-25e6c73851b8-21&btsid=0b8b037216010146780402395ec9ef&ws_ab_test=searchweb0_0,searchweb201602_,searchweb201603_
10000370028943	Это Pinoo Maker Set, Mblock совместим с детьми для более легкого кодирования с Arduino.		6 838,69 руб.	//aliexpress.ru/item/10000370028943.html?algo_pvid=2e4aa9b8-1e21-4001-b626-25e6c73851b8&algo_expid=2e4aa9b8-1e21-4001-b626-25e6c73851b8-22&btsid=0b8b037216010146780402395ec9ef&ws_ab_test=searchweb0_0,searchweb201602_,searchweb201603_
32411775823	10 шт., 2,54 мм гнездовой штыревой разъем, 4 кнопочный переключатель, модуль клавиатуры для банана pi STM32 atmega8 atmega328 PIC ARM		885,62 руб.	//aliexpress.ru/item/32411775823.html?algo_pvid=2e4aa9b8-1e21-4001-b626-25e6c73851b8&algo_expid=2e4aa9b8-1e21-4001-b626-25e6c73851b8-23&btsid=0b8b037216010146780402395ec9ef&ws_ab_test=searchweb0_0,searchweb201602_,searchweb201603_
10000341949038	Goldsun Супра плюс 4000 Вт пульт дистанционного управления 5 ступенчатый водостойкий Электрический уличный чайник		22 319,05 руб.	//aliexpress.ru/item/10000341949038.html?algo_pvid=2e4aa9b8-1e21-4001-b626-25e6c73851b8&algo_expid=2e4aa9b8-1e21-4001-b626-25e6c73851b8-24&btsid=0b8b037216010146780402395ec9ef&ws_ab_test=searchweb0_0,searchweb201602_,searchweb201603_
10000341949037	Goldsun Супра 2000 ватт с низким бликом Водонепроницаемый Электрический инфракрасный открытый обогреватель		12 152,37 руб.	//aliexpress.ru/item/10000341949037.html?algo_pvid=2e4aa9b8-1e21-4001-b626-25e6c73851b8&algo_expid=2e4aa9b8-1e21-4001-b626-25e6c73851b8-25&btsid=0b8b037216010146780402395ec9ef&ws_ab_test=searchweb0_0,searchweb201602_,searchweb201603_
4000662660440	"Объективы видеонаблюдения COMPUTAR, 2/3 "", 35 мм, F2.0, 5 МП, Объективы CCTV"		1 588,55 руб.	//aliexpress.ru/item/4000662660440.html?algo_pvid=2e4aa9b8-1e21-4001-b626-25e6c73851b8&algo_expid=2e4aa9b8-1e21-4001-b626-25e6c73851b8-26&btsid=0b8b037216010146780402395ec9ef&ws_ab_test=searchweb0_0,searchweb201602_,searchweb201603_
10000341953016	Goldsun Супра плюс 4000 Вт с низким бликом пульт дистанционного управления 5 этап водостойкий Электрический открытый нагреватель		23 589,88 руб.	//aliexpress.ru/item/10000341953016.html?algo_pvid=2e4aa9b8-1e21-4001-b626-25e6c73851b8&algo_expid=2e4aa9b8-1e21-4001-b626-25e6c73851b8-27&btsid=0b8b037216010146780402395ec9ef&ws_ab_test=searchweb0_0,searchweb201602_,searchweb201603_
4000080851821	Источник питания IFM AC1256 AS-Interface, с функцией подключения к разъему питания, с функцией подключения к разъему, с функцией подключения к разъему,...		11 040,39 руб.	//aliexpress.ru/item/4000080851821.html?algo_pvid=2e4aa9b8-1e21-4001-b626-25e6c73851b8&algo_expid=2e4aa9b8-1e21-4001-b626-25e6c73851b8-28&btsid=0b8b037216010146780402395ec9ef&ws_ab_test=searchweb0_0,searchweb201602_,searchweb201603_
32811673101	Макетная плата elerow ESP32, Wi-Fi, IOT, беспроводная программируемая плата для IoT, Bluetooth, Lua, Wi-Fi, Набор для творчества		1 422,55 руб.	//aliexpress.ru/item/32811673101.html?algo_pvid=2e4aa9b8-1e21-4001-b626-25e6c73851b8&algo_expid=2e4aa9b8-1e21-4001-b626-25e6c73851b8-29&btsid=0b8b037216010146780402395ec9ef&ws_ab_test=searchweb0_0,searchweb201602_,searchweb201603_
1453924575	Бесплатная доставка! Модуль цифрового аудио процессора ADAU1701, электронный Частотный модуль		4 557,54 руб.	//aliexpress.ru/item/1453924575.html?algo_pvid=2e4aa9b8-1e21-4001-b626-25e6c73851b8&algo_expid=2e4aa9b8-1e21-4001-b626-25e6c73851b8-30&btsid=0b8b037216010146780402395ec9ef&ws_ab_test=searchweb0_0,searchweb201602_,searchweb201603_
10000341934917	Goldsun Супра плюс 2000 Вт низкий Блик пульт дистанционного управления 5 этап водостойкий Электрический открытый нагреватель		15 011,75 руб.	//aliexpress.ru/item/10000341934917.html?algo_pvid=2e4aa9b8-1e21-4001-b626-25e6c73851b8&algo_expid=2e4aa9b8-1e21-4001-b626-25e6c73851b8-31&btsid=0b8b037216010146780402395ec9ef&ws_ab_test=searchweb0_0,searchweb201602_,searchweb201603_
4000080887272	Цифровой сенсорный датчик ifm, электронный, с функцией 3D-печати, с функцией 3D-печати		6 274,75 руб.	//aliexpress.ru/item/4000080887272.html?algo_pvid=2e4aa9b8-1e21-4001-b626-25e6c73851b8&algo_expid=2e4aa9b8-1e21-4001-b626-25e6c73851b8-32&btsid=0b8b037216010146780402395ec9ef&ws_ab_test=searchweb0_0,searchweb201602_,searchweb201603_
1005001419909259	Keba kemro 200 кабель (5 м) для CP033/T & CP031/T PLC		6 354,18 руб.	//aliexpress.ru/item/1005001419909259.html?algo_pvid=2e4aa9b8-1e21-4001-b626-25e6c73851b8&algo_expid=2e4aa9b8-1e21-4001-b626-25e6c73851b8-33&btsid=0b8b037216010146780402395ec9ef&ws_ab_test=searchweb0_0,searchweb201602_,searchweb201603_
4000080884412	Klixon Sensata 15am 183 1200/шт.		55 519,62 руб.	//aliexpress.ru/item/4000080884412.html?algo_pvid=2e4aa9b8-1e21-4001-b626-25e6c73851b8&algo_expid=2e4aa9b8-1e21-4001-b626-25e6c73851b8-35&btsid=0b8b037216010146780402395ec9ef&ws_ab_test=searchweb0_0,searchweb201602_,searchweb201603_
32753315934	Обновленный комплект Crowtail для Arduino Elecrow, Обучающий набор для самостоятельного обучения, 20 проектов для образовательных подарков		6 291,43 руб.	//aliexpress.ru/item/32753315934.html?algo_pvid=2e4aa9b8-1e21-4001-b626-25e6c73851b8&algo_expid=2e4aa9b8-1e21-4001-b626-25e6c73851b8-36&btsid=0b8b037216010146780402395ec9ef&ws_ab_test=searchweb0_0,searchweb201602_,searchweb201603_
4000080886364	Печатная плата Crane EL13058001		9 451,84 руб.	//aliexpress.ru/item/4000080886364.html?algo_pvid=2e4aa9b8-1e21-4001-b626-25e6c73851b8&algo_expid=2e4aa9b8-1e21-4001-b626-25e6c73851b8-37&btsid=0b8b037216010146780402395ec9ef&ws_ab_test=searchweb0_0,searchweb201602_,searchweb201603_
10000134658589	Датчик снятия обледенения 3, датчик снега и льда, контроллер снятия обледенения		23 828,16 руб.	//aliexpress.ru/item/10000134658589.html?algo_pvid=2e4aa9b8-1e21-4001-b626-25e6c73851b8&algo_expid=2e4aa9b8-1e21-4001-b626-25e6c73851b8-38&btsid=0b8b037216010146780402395ec9ef&ws_ab_test=searchweb0_0,searchweb201602_,searchweb201603_
10000209454832	L200 потолочное светодиодное освещение		10 484,40 руб.	//aliexpress.ru/item/10000209454832.html?algo_pvid=2e4aa9b8-1e21-4001-b626-25e6c73851b8&algo_expid=2e4aa9b8-1e21-4001-b626-25e6c73851b8-39&btsid=0b8b037216010146780402395ec9ef&ws_ab_test=searchweb0_0,searchweb201602_,searchweb201603_
1005001388478989	Следующий YE-404 4l351 QUADLNB PLATİNUM		2 937,22 руб.	//aliexpress.ru/item/1005001388478989.html?algo_pvid=2e4aa9b8-1e21-4001-b626-25e6c73851b8&algo_expid=2e4aa9b8-1e21-4001-b626-25e6c73851b8-40&btsid=0b8b037216010146780402395ec9ef&ws_ab_test=searchweb0_0,searchweb201602_,searchweb201603_
1005001388604076	Следующий YE-7601 адаптер WIFI		2 625,07 руб.	//aliexpress.ru/item/1005001388604076.html?algo_pvid=2e4aa9b8-1e21-4001-b626-25e6c73851b8&algo_expid=2e4aa9b8-1e21-4001-b626-25e6c73851b8-41&btsid=0b8b037216010146780402395ec9ef&ws_ab_test=searchweb0_0,searchweb201602_,searchweb201603_
32911309378	Адаптер, USB-кабель для Siemens/300/400 PLC PPI MPI, 9-pin, замена для Siemens 6ES7972-0CB20-0XA0	3 продано	1 404,28 - 1 687,04 руб.	//aliexpress.ru/item/32911309378.html?algo_pvid=2e4aa9b8-1e21-4001-b626-25e6c73851b8&algo_expid=2e4aa9b8-1e21-4001-b626-25e6c73851b8-42&btsid=0b8b037216010146780402395ec9ef&ws_ab_test=searchweb0_0,searchweb201602_,searchweb201603_
1005001388614017	Next YE-101 sîngle SINGLE LNB platinum		2 111,97 руб.	//aliexpress.ru/item/1005001388614017.html?algo_pvid=2e4aa9b8-1e21-4001-b626-25e6c73851b8&algo_expid=2e4aa9b8-1e21-4001-b626-25e6c73851b8-43&btsid=0b8b037216010146780402395ec9ef&ws_ab_test=searchweb0_0,searchweb201602_,searchweb201603_
1005001388520641	HİREMCO HR-01 золото SİNGLE одного LNB		2 124,68 руб.	//aliexpress.ru/item/1005001388520641.html?algo_pvid=2e4aa9b8-1e21-4001-b626-25e6c73851b8&algo_expid=2e4aa9b8-1e21-4001-b626-25e6c73851b8-44&btsid=0b8b037216010146780402395ec9ef&ws_ab_test=searchweb0_0,searchweb201602_,searchweb201603_
4001224583073	Электрический 35 мм длинный ход толкатель соленоида постоянного тока 12 В небольшой электромагнитный Электрический Магнит Прочный Новый		1 020,64 руб.	//aliexpress.ru/item/4001224583073.html?algo_pvid=2e4aa9b8-1e21-4001-b626-25e6c73851b8&algo_expid=2e4aa9b8-1e21-4001-b626-25e6c73851b8-45&btsid=0b8b037216010146780402395ec9ef&ws_ab_test=searchweb0_0,searchweb201602_,searchweb201603_
32853465671	Светодиодный кабель питания USB 5 В до 8,4 В для велосипеда, головной светильник 18650, батарейный блок, Прямая поставка	12 продано	145,36 руб.	//aliexpress.ru/item/32853465671.html?algo_pvid=2e4aa9b8-1e21-4001-b626-25e6c73851b8&algo_expid=2e4aa9b8-1e21-4001-b626-25e6c73851b8-46&btsid=0b8b037216010146780402395ec9ef&ws_ab_test=searchweb0_0,searchweb201602_,searchweb201603_
32919757252	Супергетеродинный радиочастотный модуль приемника-передатчика, 1 комплект, 433 МГц, комплект с 2 антеннами для ARM/MCU, Прямая поставка	16 продано	99,29 руб.	//aliexpress.ru/item/32919757252.html?algo_pvid=2e4aa9b8-1e21-4001-b626-25e6c73851b8&algo_expid=2e4aa9b8-1e21-4001-b626-25e6c73851b8-47&btsid=0b8b037216010146780402395ec9ef&ws_ab_test=searchweb0_0,searchweb201602_,searchweb201603_
32857836447	Универсальное интеллектуальное зарядное устройство с 4 слотами, 1,2 В, AA/AAA, USB разъем, Прямая поставка		224,78 руб.	//aliexpress.ru/item/32857836447.html?algo_pvid=2e4aa9b8-1e21-4001-b626-25e6c73851b8&algo_expid=2e4aa9b8-1e21-4001-b626-25e6c73851b8-48&btsid=0b8b037216010146780402395ec9ef&ws_ab_test=searchweb0_0,searchweb201602_,searchweb201603_
32919829940	12 В постоянного тока 85 дБ, мини электронный сигнал тревоги, Постоянный тон, Прямая поставка		74,67 руб.	//aliexpress.ru/item/32919829940.html?algo_pvid=2e4aa9b8-1e21-4001-b626-25e6c73851b8&algo_expid=2e4aa9b8-1e21-4001-b626-25e6c73851b8-49&btsid=0b8b037216010146780402395ec9ef&ws_ab_test=searchweb0_0,searchweb201602_,searchweb201603_
32424279356	1 шт. Кабель для программирования ПЛК для Omron CS CJ/кабель для загрузки данных, кабель для загрузки данных, CQM1 CPM1 CPM1A 2A C200HE HG HX HS		1 548,84 руб.	//aliexpress.ru/item/32424279356.html?algo_pvid=2e4aa9b8-1e21-4001-b626-25e6c73851b8&algo_expid=2e4aa9b8-1e21-4001-b626-25e6c73851b8-50&btsid=0b8b037216010146780402395ec9ef&ws_ab_test=searchweb0_0,searchweb201602_,searchweb201603_
32425016467	Кабель для программирования с сенсорным экраном, для Mitsubishi Electronic data System, с загрузкой данных, для Mitsubishi, 930/920/, GT1275		1 787,12 руб.	//aliexpress.ru/item/32425016467.html?algo_pvid=2e4aa9b8-1e21-4001-b626-25e6c73851b8&algo_expid=2e4aa9b8-1e21-4001-b626-25e6c73851b8-51&btsid=0b8b037216010146780402395ec9ef&ws_ab_test=searchweb0_0,searchweb201602_,searchweb201603_
32763693198	1 шт. TSXPCX3030 PLC Кабель для программирования/USB Интерфейс адаптер для TSX и Twido серии PLC/USB к адаптеру RS485		1 421,75 руб.	//aliexpress.ru/item/32763693198.html?algo_pvid=2e4aa9b8-1e21-4001-b626-25e6c73851b8&algo_expid=2e4aa9b8-1e21-4001-b626-25e6c73851b8-52&btsid=0b8b037216010146780402395ec9ef&ws_ab_test=searchweb0_0,searchweb201602_,searchweb201603_
32763601707	Бесплатная доставка, 1 шт., Кабель для программирования ПЛК серии 1761-CBL-PM02 1761CBLPM02 90 градусов/AB MicroLogix 1000/1200/1500	3 продано	595,71 руб.	//aliexpress.ru/item/32763601707.html?algo_pvid=2e4aa9b8-1e21-4001-b626-25e6c73851b8&algo_expid=2e4aa9b8-1e21-4001-b626-25e6c73851b8-53&btsid=0b8b037216010146780402395ec9ef&ws_ab_test=searchweb0_0,searchweb201602_,searchweb201603_
1005001388613010	TELETEK SATELLITE prüz TV -R SAT prüz		2 312,13 руб.	//aliexpress.ru/item/1005001388613010.html?algo_pvid=2e4aa9b8-1e21-4001-b626-25e6c73851b8&algo_expid=2e4aa9b8-1e21-4001-b626-25e6c73851b8-54&btsid=0b8b037216010146780402395ec9ef&ws_ab_test=searchweb0_0,searchweb201602_,searchweb201603_
1005001388476904	Следующий DESEG SWİTCH		2 061,94 руб.	//aliexpress.ru/item/1005001388476904.html?algo_pvid=2e4aa9b8-1e21-4001-b626-25e6c73851b8&algo_expid=2e4aa9b8-1e21-4001-b626-25e6c73851b8-55&btsid=0b8b037216010146780402395ec9ef&ws_ab_test=searchweb0_0,searchweb201602_,searchweb201603_
10000369594794	Это базовый набор Pinoo, Совместимость с Mblock разработана для детей, чтобы код с Arduino легче		4 822,82 руб.	//aliexpress.ru/item/10000369594794.html?algo_pvid=2e4aa9b8-1e21-4001-b626-25e6c73851b8&algo_expid=2e4aa9b8-1e21-4001-b626-25e6c73851b8-57&btsid=0b8b037216010146780402395ec9ef&ws_ab_test=searchweb0_0,searchweb201602_,searchweb201603_
32961063178	Беспроводной светильник Sonoff Slampher RF 433 МГц, цоколь E27, Модуль Автоматизации умного дома, работы (без пульта дистанционного управления)		840,34 руб.	//aliexpress.ru/item/32961063178.html?algo_pvid=2e4aa9b8-1e21-4001-b626-25e6c73851b8&algo_expid=2e4aa9b8-1e21-4001-b626-25e6c73851b8-59&btsid=0b8b037216010146780402395ec9ef&ws_ab_test=searchweb0_0,searchweb201602_,searchweb201603_
32961063178	Беспроводной светильник Sonoff Slampher RF 433 МГц, цоколь E27, Модуль Автоматизации умного дома, работы (без пульта дистанционного управления)		840,34 руб.	//aliexpress.ru/item/32961063178.html?algo_pvid=4ad0aff8-450f-4bea-b6b1-b3c08450a09b&algo_expid=4ad0aff8-450f-4bea-b6b1-b3c08450a09b-0&btsid=0b8b037216010146979572449ec9ef&ws_ab_test=searchweb0_0,searchweb201602_,searchweb201603_
10000341930918	Goldsun AQUA 3000 ватт водонепроницаемый Электрический инфракрасный открытый обогреватель		16 600,29 руб.	//aliexpress.ru/item/10000341930918.html?algo_pvid=4ad0aff8-450f-4bea-b6b1-b3c08450a09b&algo_expid=4ad0aff8-450f-4bea-b6b1-b3c08450a09b-1&btsid=0b8b037216010146979572449ec9ef&ws_ab_test=searchweb0_0,searchweb201602_,searchweb201603_
32411775823	10 шт., 2,54 мм гнездовой штыревой разъем, 4 кнопочный переключатель, модуль клавиатуры для банана pi STM32 atmega8 atmega328 PIC ARM		885,62 руб.	//aliexpress.ru/item/32411775823.html?algo_pvid=4ad0aff8-450f-4bea-b6b1-b3c08450a09b&algo_expid=4ad0aff8-450f-4bea-b6b1-b3c08450a09b-2&btsid=0b8b037216010146979572449ec9ef&ws_ab_test=searchweb0_0,searchweb201602_,searchweb201603_
10000341945294	Goldsun NOVA 1500 Вт Электрический инфракрасный чайник для окружающей среды		7 704,44 руб.	//aliexpress.ru/item/10000341945294.html?algo_pvid=4ad0aff8-450f-4bea-b6b1-b3c08450a09b&algo_expid=4ad0aff8-450f-4bea-b6b1-b3c08450a09b-3&btsid=0b8b037216010146979572449ec9ef&ws_ab_test=searchweb0_0,searchweb201602_,searchweb201603_
10000341929970	Goldsun Супра 3000 ватт водонепроницаемый Электрический инфракрасный уличный чайник		18 188,83 руб.	//aliexpress.ru/item/10000341929970.html?algo_pvid=4ad0aff8-450f-4bea-b6b1-b3c08450a09b&algo_expid=4ad0aff8-450f-4bea-b6b1-b3c08450a09b-4&btsid=0b8b037216010146979572449ec9ef&ws_ab_test=searchweb0_0,searchweb201602_,searchweb201603_
10000341929969	Goldsun Супра плюс 2000 Вт пульт дистанционного управления 5 ступенчатый водостойкий Электрический уличный чайник		13 740,91 руб.	//aliexpress.ru/item/10000341929969.html?algo_pvid=4ad0aff8-450f-4bea-b6b1-b3c08450a09b&algo_expid=4ad0aff8-450f-4bea-b6b1-b3c08450a09b-5&btsid=0b8b037216010146979572449ec9ef&ws_ab_test=searchweb0_0,searchweb201602_,searchweb201603_
4000080884412	Klixon Sensata 15am 183 1200/шт.		55 519,62 руб.	//aliexpress.ru/item/4000080884412.html?algo_pvid=4ad0aff8-450f-4bea-b6b1-b3c08450a09b&algo_expid=4ad0aff8-450f-4bea-b6b1-b3c08450a09b-6&btsid=0b8b037216010146979572449ec9ef&ws_ab_test=searchweb0_0,searchweb201602_,searchweb201603_
4000080851821	Источник питания IFM AC1256 AS-Interface, с функцией подключения к разъему питания, с функцией подключения к разъему, с функцией подключения к разъему,...		11 040,39 руб.	//aliexpress.ru/item/4000080851821.html?algo_pvid=4ad0aff8-450f-4bea-b6b1-b3c08450a09b&algo_expid=4ad0aff8-450f-4bea-b6b1-b3c08450a09b-7&btsid=0b8b037216010146979572449ec9ef&ws_ab_test=searchweb0_0,searchweb201602_,searchweb201603_
32753315934	Обновленный комплект Crowtail для Arduino Elecrow, Обучающий набор для самостоятельного обучения, 20 проектов для образовательных подарков		6 291,43 руб.	//aliexpress.ru/item/32753315934.html?algo_pvid=4ad0aff8-450f-4bea-b6b1-b3c08450a09b&algo_expid=4ad0aff8-450f-4bea-b6b1-b3c08450a09b-8&btsid=0b8b037216010146979572449ec9ef&ws_ab_test=searchweb0_0,searchweb201602_,searchweb201603_
4000080865681	Воздушный мотор Ingersoll Rand, 1 в Exp, с вырубкой		27 720,10 руб.	//aliexpress.ru/item/4000080865681.html?algo_pvid=4ad0aff8-450f-4bea-b6b1-b3c08450a09b&algo_expid=4ad0aff8-450f-4bea-b6b1-b3c08450a09b-9&btsid=0b8b037216010146979572449ec9ef&ws_ab_test=searchweb0_0,searchweb201602_,searchweb201603_
32844521400	Понижающий Регулируемый Модуль постоянного напряжения, модуль питания, интегральные схемы, Прямая поставка	8 продано	39,72 руб.	//aliexpress.ru/item/32844521400.html?algo_pvid=4ad0aff8-450f-4bea-b6b1-b3c08450a09b&algo_expid=4ad0aff8-450f-4bea-b6b1-b3c08450a09b-10&btsid=0b8b037216010146979572449ec9ef&ws_ab_test=searchweb0_0,searchweb201602_,searchweb201603_
32857836447	Универсальное интеллектуальное зарядное устройство с 4 слотами, 1,2 В, AA/AAA, USB разъем, Прямая поставка		224,78 руб.	//aliexpress.ru/item/32857836447.html?algo_pvid=4ad0aff8-450f-4bea-b6b1-b3c08450a09b&algo_expid=4ad0aff8-450f-4bea-b6b1-b3c08450a09b-11&btsid=0b8b037216010146979572449ec9ef&ws_ab_test=searchweb0_0,searchweb201602_,searchweb201603_
32599646250	Для 4-значной компьютерной диагностической карты, материнская плата, почтовый тестер PCI ISA, Прямая поставка	2 продано	387,61 руб.	//aliexpress.ru/item/32599646250.html?algo_pvid=4ad0aff8-450f-4bea-b6b1-b3c08450a09b&algo_expid=4ad0aff8-450f-4bea-b6b1-b3c08450a09b-12&btsid=0b8b037216010146979572449ec9ef&ws_ab_test=searchweb0_0,searchweb201602_,searchweb201603_
32919757252	Супергетеродинный радиочастотный модуль приемника-передатчика, 1 комплект, 433 МГц, комплект с 2 антеннами для ARM/MCU, Прямая поставка	16 продано	99,29 руб.	//aliexpress.ru/item/32919757252.html?algo_pvid=4ad0aff8-450f-4bea-b6b1-b3c08450a09b&algo_expid=4ad0aff8-450f-4bea-b6b1-b3c08450a09b-13&btsid=0b8b037216010146979572449ec9ef&ws_ab_test=searchweb0_0,searchweb201602_,searchweb201603_
32425016467	Кабель для программирования с сенсорным экраном, для Mitsubishi Electronic data System, с загрузкой данных, для Mitsubishi, 930/920/, GT1275		1 787,12 руб.	//aliexpress.ru/item/32425016467.html?algo_pvid=4ad0aff8-450f-4bea-b6b1-b3c08450a09b&algo_expid=4ad0aff8-450f-4bea-b6b1-b3c08450a09b-14&btsid=0b8b037216010146979572449ec9ef&ws_ab_test=searchweb0_0,searchweb201602_,searchweb201603_
32763601707	Бесплатная доставка, 1 шт., Кабель для программирования ПЛК серии 1761-CBL-PM02 1761CBLPM02 90 градусов/AB MicroLogix 1000/1200/1500	3 продано	595,71 руб.	//aliexpress.ru/item/32763601707.html?algo_pvid=4ad0aff8-450f-4bea-b6b1-b3c08450a09b&algo_expid=4ad0aff8-450f-4bea-b6b1-b3c08450a09b-15&btsid=0b8b037216010146979572449ec9ef&ws_ab_test=searchweb0_0,searchweb201602_,searchweb201603_
32421071971	Кабель для программирования ПЛК 6ES7901-3DB30-0XA0/PPI кабель для скачивания данных для Сименс S7-200, 1 шт.		2 660,82 руб.	//aliexpress.ru/item/32421071971.html?algo_pvid=4ad0aff8-450f-4bea-b6b1-b3c08450a09b&algo_expid=4ad0aff8-450f-4bea-b6b1-b3c08450a09b-16&btsid=0b8b037216010146979572449ec9ef&ws_ab_test=searchweb0_0,searchweb201602_,searchweb201603_
32241410854	Программирующий кабель для ПЛК 6ES7 972-0CB20-0XA0, поддержка PPI / MPI / DP 840D, система ЧПУ/с оптической изоляцией, 1 шт.	1 продано	3 931,65 руб.	//aliexpress.ru/item/32241410854.html?algo_pvid=4ad0aff8-450f-4bea-b6b1-b3c08450a09b&algo_expid=4ad0aff8-450f-4bea-b6b1-b3c08450a09b-17&btsid=0b8b037216010146979572449ec9ef&ws_ab_test=searchweb0_0,searchweb201602_,searchweb201603_
1005001388503822	Золотой двойной TWEN LNB HR-02		2 436,83 руб.	//aliexpress.ru/item/1005001388503822.html?algo_pvid=4ad0aff8-450f-4bea-b6b1-b3c08450a09b&algo_expid=4ad0aff8-450f-4bea-b6b1-b3c08450a09b-18&btsid=0b8b037216010146979572449ec9ef&ws_ab_test=searchweb0_0,searchweb201602_,searchweb201603_
1005001388491850	Следующий оригинальный коммутатор адаптер ГС GİRİŞLİ		2 749,77 руб.	//aliexpress.ru/item/1005001388491850.html?algo_pvid=4ad0aff8-450f-4bea-b6b1-b3c08450a09b&algo_expid=4ad0aff8-450f-4bea-b6b1-b3c08450a09b-19&btsid=0b8b037216010146979572449ec9ef&ws_ab_test=searchweb0_0,searchweb201602_,searchweb201603_
1005001388504775	Следующий YE-805 модулятор		4 750,55 руб.	//aliexpress.ru/item/1005001388504775.html?algo_pvid=4ad0aff8-450f-4bea-b6b1-b3c08450a09b&algo_expid=4ad0aff8-450f-4bea-b6b1-b3c08450a09b-20&btsid=0b8b037216010146979572449ec9ef&ws_ab_test=searchweb0_0,searchweb201602_,searchweb201603_
1005001388588182	Следующий оригинальный распределительный адаптер		2 749,77 руб.	//aliexpress.ru/item/1005001388588182.html?algo_pvid=4ad0aff8-450f-4bea-b6b1-b3c08450a09b&algo_expid=4ad0aff8-450f-4bea-b6b1-b3c08450a09b-21&btsid=0b8b037216010146979572449ec9ef&ws_ab_test=searchweb0_0,searchweb201602_,searchweb201603_
10000341950029	Goldsun AQUA 1500 ватт водонепроницаемый Электрический инфракрасный открытый обогреватель		9 372,41 руб.	//aliexpress.ru/item/10000341950029.html?algo_pvid=4ad0aff8-450f-4bea-b6b1-b3c08450a09b&algo_expid=4ad0aff8-450f-4bea-b6b1-b3c08450a09b-22&btsid=0b8b037216010146979572449ec9ef&ws_ab_test=searchweb0_0,searchweb201602_,searchweb201603_
10000341952025	Goldsun Супра 4000 Вт с низким бликом Водонепроницаемый Электрический инфракрасный уличный чайник		20 889,36 руб.	//aliexpress.ru/item/10000341952025.html?algo_pvid=4ad0aff8-450f-4bea-b6b1-b3c08450a09b&algo_expid=4ad0aff8-450f-4bea-b6b1-b3c08450a09b-23&btsid=0b8b037216010146979572449ec9ef&ws_ab_test=searchweb0_0,searchweb201602_,searchweb201603_
10000341938755	Goldsun Супра 1500 ватт водонепроницаемый Электрический инфракрасный уличный чайник		10 087,26 руб.	//aliexpress.ru/item/10000341938755.html?algo_pvid=4ad0aff8-450f-4bea-b6b1-b3c08450a09b&algo_expid=4ad0aff8-450f-4bea-b6b1-b3c08450a09b-24&btsid=0b8b037216010146979572449ec9ef&ws_ab_test=searchweb0_0,searchweb201602_,searchweb201603_
10000341936771	Goldsun AQUA 2000 ватт водонепроницаемый Электрический инфракрасный открытый обогреватель		10 087,26 руб.	//aliexpress.ru/item/10000341936771.html?algo_pvid=4ad0aff8-450f-4bea-b6b1-b3c08450a09b&algo_expid=4ad0aff8-450f-4bea-b6b1-b3c08450a09b-25&btsid=0b8b037216010146979572449ec9ef&ws_ab_test=searchweb0_0,searchweb201602_,searchweb201603_
32599642219	0,5 мм до 1,2 мм контактный шаг адаптер PCB FPC плата 2,0-3,5 дюймов TFT LCD SMD для DIP электронный модуль Прямая поставка	12 продано	102,47 руб.	//aliexpress.ru/item/32599642219.html?algo_pvid=4ad0aff8-450f-4bea-b6b1-b3c08450a09b&algo_expid=4ad0aff8-450f-4bea-b6b1-b3c08450a09b-26&btsid=0b8b037216010146979572449ec9ef&ws_ab_test=searchweb0_0,searchweb201602_,searchweb201603_
1922452975	Тестер автомобильной цепи 6 в 12 В 24 вольт, датчик напряжения, автомобильный вольтметр, светильник, лампа, Прямая поставка	20 продано	270,06 руб.	//aliexpress.ru/item/1922452975.html?algo_pvid=4ad0aff8-450f-4bea-b6b1-b3c08450a09b&algo_expid=4ad0aff8-450f-4bea-b6b1-b3c08450a09b-27&btsid=0b8b037216010146979572449ec9ef&ws_ab_test=searchweb0_0,searchweb201602_,searchweb201603_
32857216303	Кабель питания с разъемом USB «папа» на 4,0x1,7 мм, 5 В, постоянный ток, Прямая поставка		84,20 руб.	//aliexpress.ru/item/32857216303.html?algo_pvid=4ad0aff8-450f-4bea-b6b1-b3c08450a09b&algo_expid=4ad0aff8-450f-4bea-b6b1-b3c08450a09b-28&btsid=0b8b037216010146979572449ec9ef&ws_ab_test=searchweb0_0,searchweb201602_,searchweb201603_
32436131683	Высоковольтный генератор постоянного тока 3 В до 7 кв, бустер, силовой модуль, катушка зажигания, Прямая поставка	4 продано	316,13 руб.	//aliexpress.ru/item/32436131683.html?algo_pvid=4ad0aff8-450f-4bea-b6b1-b3c08450a09b&algo_expid=4ad0aff8-450f-4bea-b6b1-b3c08450a09b-29&btsid=0b8b037216010146979572449ec9ef&ws_ab_test=searchweb0_0,searchweb201602_,searchweb201603_
32418990468	Кабель для программирования, 3 шт., кабель для Mitsubishi Q series / Q06UDEH/Q03UDE, кабель для загрузки данных, USB Mini, электронные системы данных		1 072,27 руб.	//aliexpress.ru/item/32418990468.html?algo_pvid=4ad0aff8-450f-4bea-b6b1-b3c08450a09b&algo_expid=4ad0aff8-450f-4bea-b6b1-b3c08450a09b-30&btsid=0b8b037216010146979572449ec9ef&ws_ab_test=searchweb0_0,searchweb201602_,searchweb201603_
32242219300	1 шт PC/MPI изолированный кабель V5.4 адаптер/для S7-300/400PLC кабель программирования совместимый 6ES7 972-0CA23-0XA0		4 959,44 руб.	//aliexpress.ru/item/32242219300.html?algo_pvid=4ad0aff8-450f-4bea-b6b1-b3c08450a09b&algo_expid=4ad0aff8-450f-4bea-b6b1-b3c08450a09b-31&btsid=0b8b037216010146979572449ec9ef&ws_ab_test=searchweb0_0,searchweb201602_,searchweb201603_
32419815863	1 шт. штекер DisplayPort 6es7972-0bb41-0xa0 / profibus разъем шины для электронных систем данных Siemens		992,84 руб.	//aliexpress.ru/item/32419815863.html?algo_pvid=4ad0aff8-450f-4bea-b6b1-b3c08450a09b&algo_expid=4ad0aff8-450f-4bea-b6b1-b3c08450a09b-32&btsid=0b8b037216010146979572449ec9ef&ws_ab_test=searchweb0_0,searchweb201602_,searchweb201603_
32420640100	Кабель для программирования с сенсорным экраном, 1 шт., USB-GT1020/30 +/кабель для скачивания данных для Mitsubishi GT1020/1030		2 343,11 руб.	//aliexpress.ru/item/32420640100.html?algo_pvid=4ad0aff8-450f-4bea-b6b1-b3c08450a09b&algo_expid=4ad0aff8-450f-4bea-b6b1-b3c08450a09b-33&btsid=0b8b037216010146979572449ec9ef&ws_ab_test=searchweb0_0,searchweb201602_,searchweb201603_
1005001388604076	Следующий YE-7601 адаптер WIFI		2 625,07 руб.	//aliexpress.ru/item/1005001388604076.html?algo_pvid=4ad0aff8-450f-4bea-b6b1-b3c08450a09b&algo_expid=4ad0aff8-450f-4bea-b6b1-b3c08450a09b-34&btsid=0b8b037216010146979572449ec9ef&ws_ab_test=searchweb0_0,searchweb201602_,searchweb201603_
1005001388569317	Dстамбул Турк MDU 5 LNB		3 250,17 руб.	//aliexpress.ru/item/1005001388569317.html?algo_pvid=4ad0aff8-450f-4bea-b6b1-b3c08450a09b&algo_expid=4ad0aff8-450f-4bea-b6b1-b3c08450a09b-35&btsid=0b8b037216010146979572449ec9ef&ws_ab_test=searchweb0_0,searchweb201602_,searchweb201603_
1005001388581207	TELEtek MD-620 модулятор		3 750,56 руб.	//aliexpress.ru/item/1005001388581207.html?algo_pvid=4ad0aff8-450f-4bea-b6b1-b3c08450a09b&algo_expid=4ad0aff8-450f-4bea-b6b1-b3c08450a09b-36&btsid=0b8b037216010146979572449ec9ef&ws_ab_test=searchweb0_0,searchweb201602_,searchweb201603_
1005001388600083	Следующий YE-808 8 Lİ LNB PLATİNUM		3 938,01 руб.	//aliexpress.ru/item/1005001388600083.html?algo_pvid=4ad0aff8-450f-4bea-b6b1-b3c08450a09b&algo_expid=4ad0aff8-450f-4bea-b6b1-b3c08450a09b-37&btsid=0b8b037216010146979572449ec9ef&ws_ab_test=searchweb0_0,searchweb201602_,searchweb201603_
10000341949038	Goldsun Супра плюс 4000 Вт пульт дистанционного управления 5 ступенчатый водостойкий Электрический уличный чайник		22 319,05 руб.	//aliexpress.ru/item/10000341949038.html?algo_pvid=4ad0aff8-450f-4bea-b6b1-b3c08450a09b&algo_expid=4ad0aff8-450f-4bea-b6b1-b3c08450a09b-38&btsid=0b8b037216010146979572449ec9ef&ws_ab_test=searchweb0_0,searchweb201602_,searchweb201603_
10000341934917	Goldsun Супра плюс 2000 Вт низкий Блик пульт дистанционного управления 5 этап водостойкий Электрический открытый нагреватель		15 011,75 руб.	//aliexpress.ru/item/10000341934917.html?algo_pvid=4ad0aff8-450f-4bea-b6b1-b3c08450a09b&algo_expid=4ad0aff8-450f-4bea-b6b1-b3c08450a09b-39&btsid=0b8b037216010146979572449ec9ef&ws_ab_test=searchweb0_0,searchweb201602_,searchweb201603_
10000341931976	Goldsun NOVA 3000 Вт Электрический инфракрасный обогреватель окружающей среды		13 740,91 руб.	//aliexpress.ru/item/10000341931976.html?algo_pvid=4ad0aff8-450f-4bea-b6b1-b3c08450a09b&algo_expid=4ad0aff8-450f-4bea-b6b1-b3c08450a09b-40&btsid=0b8b037216010146979572449ec9ef&ws_ab_test=searchweb0_0,searchweb201602_,searchweb201603_
10000341931978	Goldsun NOVA 2000 Вт Электрический инфракрасный наружный/обогреватель для помещений		8 498,72 руб.	//aliexpress.ru/item/10000341931978.html?algo_pvid=4ad0aff8-450f-4bea-b6b1-b3c08450a09b&algo_expid=4ad0aff8-450f-4bea-b6b1-b3c08450a09b-41&btsid=0b8b037216010146979572449ec9ef&ws_ab_test=searchweb0_0,searchweb201602_,searchweb201603_
32949677727	Micro USB TF Радио MP3 декодер, аудио плата для автомобиля, музыкальный динамик Oct18, Прямая поставка	5 продано	560,76 руб.	//aliexpress.ru/item/32949677727.html?algo_pvid=4ad0aff8-450f-4bea-b6b1-b3c08450a09b&algo_expid=4ad0aff8-450f-4bea-b6b1-b3c08450a09b-42&btsid=0b8b037216010146979572449ec9ef&ws_ab_test=searchweb0_0,searchweb201602_,searchweb201603_
32921706952	1 шт. 622-0301 AC шнур питания, штекер для Apple TV Mac Mini Time Capsule EU Dropship		338,36 руб.	//aliexpress.ru/item/32921706952.html?algo_pvid=4ad0aff8-450f-4bea-b6b1-b3c08450a09b&algo_expid=4ad0aff8-450f-4bea-b6b1-b3c08450a09b-43&btsid=0b8b037216010146979572449ec9ef&ws_ab_test=searchweb0_0,searchweb201602_,searchweb201603_
32443327042	Новый Электрический электромагнитный клапан 12 В постоянного тока N/C, переключатель подачи воды на входе 1/2 дюйма, Прямая поставка	2 продано	391,58 руб.	//aliexpress.ru/item/32443327042.html?algo_pvid=4ad0aff8-450f-4bea-b6b1-b3c08450a09b&algo_expid=4ad0aff8-450f-4bea-b6b1-b3c08450a09b-44&btsid=0b8b037216010146979572449ec9ef&ws_ab_test=searchweb0_0,searchweb201602_,searchweb201603_
32921012261	Мини-коммутатор с 2 портами сети AB, ручной коммутатор 2 в 1/1In2 RJ45 сеть/Ethernet, Прямая поставка	5 продано	309,77 руб.	//aliexpress.ru/item/32921012261.html?algo_pvid=4ad0aff8-450f-4bea-b6b1-b3c08450a09b&algo_expid=4ad0aff8-450f-4bea-b6b1-b3c08450a09b-45&btsid=0b8b037216010146979572449ec9ef&ws_ab_test=searchweb0_0,searchweb201602_,searchweb201603_
32349651334	1 шт. PLC программирующий кабель для Siemens 200 серии/Скачать кабель 6ES7901-3CB30-0XA0 для Siemens/PC-PPI 232-RS485		2 108,80 руб.	//aliexpress.ru/item/32349651334.html?algo_pvid=4ad0aff8-450f-4bea-b6b1-b3c08450a09b&algo_expid=4ad0aff8-450f-4bea-b6b1-b3c08450a09b-46&btsid=0b8b037216010146979572449ec9ef&ws_ab_test=searchweb0_0,searchweb201602_,searchweb201603_
32762483855	1 шт. 2 м белый кабель для Mitsubishi FX1S/FX1N/FX2N/3U/ПЛК, программируемый кабель для загрузки данных SC09		841,14 руб.	//aliexpress.ru/item/32762483855.html?algo_pvid=4ad0aff8-450f-4bea-b6b1-b3c08450a09b&algo_expid=4ad0aff8-450f-4bea-b6b1-b3c08450a09b-47&btsid=0b8b037216010146979572449ec9ef&ws_ab_test=searchweb0_0,searchweb201602_,searchweb201603_
32423223087	1 шт., кабель для передачи данных с изолированным USB-разъемом в RS232, с адаптером-соединителем и адаптером для электронных систем с разъемом USB-...		2 501,96 руб.	//aliexpress.ru/item/32423223087.html?algo_pvid=4ad0aff8-450f-4bea-b6b1-b3c08450a09b&algo_expid=4ad0aff8-450f-4bea-b6b1-b3c08450a09b-48&btsid=0b8b037216010146979572449ec9ef&ws_ab_test=searchweb0_0,searchweb201602_,searchweb201603_
32349980116	1 шт., Кабель для программирования данных ПЛК для Mitsubishi FX / USB-SC09-FX FX1S FX1N FX2N USB к RS422 адаптер для MELSEC FX PLC		1 111,19 руб.	//aliexpress.ru/item/32349980116.html?algo_pvid=4ad0aff8-450f-4bea-b6b1-b3c08450a09b&algo_expid=4ad0aff8-450f-4bea-b6b1-b3c08450a09b-49&btsid=0b8b037216010146979572449ec9ef&ws_ab_test=searchweb0_0,searchweb201602_,searchweb201603_
10000341944258	Goldsun электрические обогреватели для 5 ступенчатого диммера		5 162,77 руб.	//aliexpress.ru/item/10000341944258.html?algo_pvid=4ad0aff8-450f-4bea-b6b1-b3c08450a09b&algo_expid=4ad0aff8-450f-4bea-b6b1-b3c08450a09b-50&btsid=0b8b037216010146979572449ec9ef&ws_ab_test=searchweb0_0,searchweb201602_,searchweb201603_
32857196518	Комплект аксессуаров для камеры GoPro Hero 6, зажимы для серфинга		640,19 руб.	//aliexpress.ru/item/32857196518.html?algo_pvid=4ad0aff8-450f-4bea-b6b1-b3c08450a09b&algo_expid=4ad0aff8-450f-4bea-b6b1-b3c08450a09b-51&btsid=0b8b037216010146979572449ec9ef&ws_ab_test=searchweb0_0,searchweb201602_,searchweb201603_
32953479120	Защитная плата для зарядки литиевых аккумуляторов 2S, 7,4 В, 8A, li-ion, 18650, 8,4 В, защита от перезаряда/переразряда Oct18	3 продано	67,52 руб.	//aliexpress.ru/item/32953479120.html?algo_pvid=4ad0aff8-450f-4bea-b6b1-b3c08450a09b&algo_expid=4ad0aff8-450f-4bea-b6b1-b3c08450a09b-52&btsid=0b8b037216010146979572449ec9ef&ws_ab_test=searchweb0_0,searchweb201602_,searchweb201603_
32956194673	Новое универсальное зарядное устройство AA AAA Ni-Cd NiMH 9 В 18650, черное, Прямая поставка		212,87 руб.	//aliexpress.ru/item/32956194673.html?algo_pvid=4ad0aff8-450f-4bea-b6b1-b3c08450a09b&algo_expid=4ad0aff8-450f-4bea-b6b1-b3c08450a09b-53&btsid=0b8b037216010146979572449ec9ef&ws_ab_test=searchweb0_0,searchweb201602_,searchweb201603_
32992403369	14 ручка-булавка, USB плата с зарядным портом, гибкий кабель для контроллера PS4, Прямая поставка		78,64 руб.	//aliexpress.ru/item/32992403369.html?algo_pvid=4ad0aff8-450f-4bea-b6b1-b3c08450a09b&algo_expid=4ad0aff8-450f-4bea-b6b1-b3c08450a09b-54&btsid=0b8b037216010146979572449ec9ef&ws_ab_test=searchweb0_0,searchweb201602_,searchweb201603_
32420828140	1 шт. profibus bus коннектор адаптер для Сименс/6es7 972-0ba41-0xa0 штекер DisplayPort электронная система данных		992,84 руб.	//aliexpress.ru/item/32420828140.html?algo_pvid=4ad0aff8-450f-4bea-b6b1-b3c08450a09b&algo_expid=4ad0aff8-450f-4bea-b6b1-b3c08450a09b-55&btsid=0b8b037216010146979572449ec9ef&ws_ab_test=searchweb0_0,searchweb201602_,searchweb201603_
32241535702	1 шт., Кабель для программирования, кабель для безрамочного подключения к сети, кабель для загрузки данных/S7-200PLC, альтернативный макс. скорос...		1 014,29 руб.	//aliexpress.ru/item/32241535702.html?algo_pvid=4ad0aff8-450f-4bea-b6b1-b3c08450a09b&algo_expid=4ad0aff8-450f-4bea-b6b1-b3c08450a09b-57&btsid=0b8b037216010146979572449ec9ef&ws_ab_test=searchweb0_0,searchweb201602_,searchweb201603_
32420928027	1 шт., Кабель для программирования ПЛК 6ES7901-3CB30-0XA0 для Siemens S7200/RS232/ppi, изолированный кабель, последовательный кабель для загрузки данных, ПК-ppi		2 263,68 руб.	//aliexpress.ru/item/32420928027.html?algo_pvid=4ad0aff8-450f-4bea-b6b1-b3c08450a09b&algo_expid=4ad0aff8-450f-4bea-b6b1-b3c08450a09b-58&btsid=0b8b037216010146979572449ec9ef&ws_ab_test=searchweb0_0,searchweb201602_,searchweb201603_
32855742580	Lavalier Клип на лацкане Hands-Free микрофон для ПК ноутбука планшета сотового телефона Прямая поставка		272,44 руб.	//aliexpress.ru/item/32855742580.html?algo_pvid=4ad0aff8-450f-4bea-b6b1-b3c08450a09b&algo_expid=4ad0aff8-450f-4bea-b6b1-b3c08450a09b-59&btsid=0b8b037216010146979572449ec9ef&ws_ab_test=searchweb0_0,searchweb201602_,searchweb201603_
32921250965	РЧ 433 МГц пульт дистанционного управления 1527 обучающий код для гаражных ворот, контроллер сигнализации, Прямая поставка		545,67 руб.	//aliexpress.ru/item/32921250965.html?algo_pvid=95e55984-e375-4e96-8f17-1da1de55b47e&algo_expid=95e55984-e375-4e96-8f17-1da1de55b47e-0&btsid=0b8b037216010147343222638ec9ef&ws_ab_test=searchweb0_0,searchweb201602_,searchweb201603_
32855742580	Lavalier Клип на лацкане Hands-Free микрофон для ПК ноутбука планшета сотового телефона Прямая поставка		272,44 руб.	//aliexpress.ru/item/32855742580.html?algo_pvid=95e55984-e375-4e96-8f17-1da1de55b47e&algo_expid=95e55984-e375-4e96-8f17-1da1de55b47e-1&btsid=0b8b037216010147343222638ec9ef&ws_ab_test=searchweb0_0,searchweb201602_,searchweb201603_
32920792714	SAMD21 32-битный ARM Cortex M0 Core, совместимый с Zero Form Mini Dropship	1 продано	715,64 руб.	//aliexpress.ru/item/32920792714.html?algo_pvid=95e55984-e375-4e96-8f17-1da1de55b47e&algo_expid=95e55984-e375-4e96-8f17-1da1de55b47e-2&btsid=0b8b037216010147343222638ec9ef&ws_ab_test=searchweb0_0,searchweb201602_,searchweb201603_
32420928027	1 шт., Кабель для программирования ПЛК 6ES7901-3CB30-0XA0 для Siemens S7200/RS232/ppi, изолированный кабель, последовательный кабель для загрузки данных, ПК-ppi		2 263,68 руб.	//aliexpress.ru/item/32420928027.html?algo_pvid=95e55984-e375-4e96-8f17-1da1de55b47e&algo_expid=95e55984-e375-4e96-8f17-1da1de55b47e-3&btsid=0b8b037216010147343222638ec9ef&ws_ab_test=searchweb0_0,searchweb201602_,searchweb201603_
32424000169	1 шт., Кабель для программирования ПЛК на Mitsubishi FX / USB к адаптеру RS422 для электронных систем передачи данных MELSEC FX		2 501,96 руб.	//aliexpress.ru/item/32424000169.html?algo_pvid=95e55984-e375-4e96-8f17-1da1de55b47e&algo_expid=95e55984-e375-4e96-8f17-1da1de55b47e-5&btsid=0b8b037216010147343222638ec9ef&ws_ab_test=searchweb0_0,searchweb201602_,searchweb201603_
32760399488	Кабель для программирования VH VB M серии, 1 шт., кабель для подключения к ПЛК, кабель для загрузки связи, USB в RS232 адаптер для VIGOR VB / VH / M		1 572,66 руб.	//aliexpress.ru/item/32760399488.html?algo_pvid=95e55984-e375-4e96-8f17-1da1de55b47e&algo_expid=95e55984-e375-4e96-8f17-1da1de55b47e-6&btsid=0b8b037216010147343222638ec9ef&ws_ab_test=searchweb0_0,searchweb201602_,searchweb201603_
32859331739	USB-кабель для камер и видеокамер, интерфейс Powershot, Прямая поставка		131,85 руб.	//aliexpress.ru/item/32859331739.html?algo_pvid=95e55984-e375-4e96-8f17-1da1de55b47e&algo_expid=95e55984-e375-4e96-8f17-1da1de55b47e-7&btsid=0b8b037216010147343222638ec9ef&ws_ab_test=searchweb0_0,searchweb201602_,searchweb201603_
32919865641	Сменные аудиокабели для наушников Sennheiser HD25, кабель для наушников, кабель для передачи данных, передача данных,	1 продано	459,09 руб.	//aliexpress.ru/item/32919865641.html?algo_pvid=95e55984-e375-4e96-8f17-1da1de55b47e&algo_expid=95e55984-e375-4e96-8f17-1da1de55b47e-8&btsid=0b8b037216010147343222638ec9ef&ws_ab_test=searchweb0_0,searchweb201602_,searchweb201603_
32600472931	IP 68 водонепроницаемые защитные строительные разъемы DTY 3 кабеля, распределительная коробка для проводов, Прямая поставка		306,59 руб.	//aliexpress.ru/item/32600472931.html?algo_pvid=95e55984-e375-4e96-8f17-1da1de55b47e&algo_expid=95e55984-e375-4e96-8f17-1da1de55b47e-9&btsid=0b8b037216010147343222638ec9ef&ws_ab_test=searchweb0_0,searchweb201602_,searchweb201603_
32765944555	2 шт. ПК-dvp RS232 интерфейс ПЛК программирующий кабель для DVP серии ПЛК		794,28 руб.	//aliexpress.ru/item/32765944555.html?algo_pvid=95e55984-e375-4e96-8f17-1da1de55b47e&algo_expid=95e55984-e375-4e96-8f17-1da1de55b47e-10&btsid=0b8b037216010147343222638ec9ef&ws_ab_test=searchweb0_0,searchweb201602_,searchweb201603_
32418765278	1 шт. 20-контактный передний разъем 6es7392-1am00-0a0/S7300PLC разъем для электронных систем данных Siemens		1 310,55 руб.	//aliexpress.ru/item/32418765278.html?algo_pvid=95e55984-e375-4e96-8f17-1da1de55b47e&algo_expid=95e55984-e375-4e96-8f17-1da1de55b47e-11&btsid=0b8b037216010147343222638ec9ef&ws_ab_test=searchweb0_0,searchweb201602_,searchweb201603_
32423069674	1 шт. PLC USB-LG LS программирующий кабель для LG/кабель для скачивания данных K120S K7M PLC специализированная Поддержка WIN7		1 795,06 руб.	//aliexpress.ru/item/32423069674.html?algo_pvid=95e55984-e375-4e96-8f17-1da1de55b47e&algo_expid=95e55984-e375-4e96-8f17-1da1de55b47e-12&btsid=0b8b037216010147343222638ec9ef&ws_ab_test=searchweb0_0,searchweb201602_,searchweb201603_
32419026669	1 шт. Серводвигатель ASDA-B2/AB/A2 кабель программирования для Delta/кабель для скачивания данных для Delta электронных систем передачи данных		2 374,88 руб.	//aliexpress.ru/item/32419026669.html?algo_pvid=95e55984-e375-4e96-8f17-1da1de55b47e&algo_expid=95e55984-e375-4e96-8f17-1da1de55b47e-13&btsid=0b8b037216010147343222638ec9ef&ws_ab_test=searchweb0_0,searchweb201602_,searchweb201603_
32423952429	1 шт., изолированный от USB к RS232 адаптер Panasonic opto для электронных систем передачи данных NAIS FP0/FP2/USB-AFC8513 и ПЛК		2 501,96 руб.	//aliexpress.ru/item/32423952429.html?algo_pvid=95e55984-e375-4e96-8f17-1da1de55b47e&algo_expid=95e55984-e375-4e96-8f17-1da1de55b47e-14&btsid=0b8b037216010147343222638ec9ef&ws_ab_test=searchweb0_0,searchweb201602_,searchweb201603_
32418861589	1 шт. штекер DisplayPort 6es7 972-0ba12-0xa0 для Siemens/profibus, соединитель автобуса, Адаптер dp для электронных систем данных Siemens		992,84 руб.	//aliexpress.ru/item/32418861589.html?algo_pvid=95e55984-e375-4e96-8f17-1da1de55b47e&algo_expid=95e55984-e375-4e96-8f17-1da1de55b47e-15&btsid=0b8b037216010147343222638ec9ef&ws_ab_test=searchweb0_0,searchweb201602_,searchweb201603_
32242300364	Бесплатный драйвер, Кабель для программирования 6ES7901-3DB30-0XA0, USB/PPI, многоцелевой кабель для Siemens, Кабель для программирования, Кабель для прогр...		3 864,93 руб.	//aliexpress.ru/item/32242300364.html?algo_pvid=95e55984-e375-4e96-8f17-1da1de55b47e&algo_expid=95e55984-e375-4e96-8f17-1da1de55b47e-16&btsid=0b8b037216010147343222638ec9ef&ws_ab_test=searchweb0_0,searchweb201602_,searchweb201603_
32241515842	1 шт., совместимый кабель для программирования CPU221 222 224 226, ПЛК, Кабель для программирования, кабель для загрузки данных, USB-кабель для RS485		1 014,29 руб.	//aliexpress.ru/item/32241515842.html?algo_pvid=95e55984-e375-4e96-8f17-1da1de55b47e&algo_expid=95e55984-e375-4e96-8f17-1da1de55b47e-18&btsid=0b8b037216010147343222638ec9ef&ws_ab_test=searchweb0_0,searchweb201602_,searchweb201603_
32421972251	1 шт., Кабель для программирования ПЛК 6ES7901-3DB30-0XA0 для Siemens S7200/USB-PPI, мультимастер, USB/RS485, изолированный для всех систем PPI-Bus		3 852,22 руб.	//aliexpress.ru/item/32421972251.html?algo_pvid=95e55984-e375-4e96-8f17-1da1de55b47e&algo_expid=95e55984-e375-4e96-8f17-1da1de55b47e-19&btsid=0b8b037216010147343222638ec9ef&ws_ab_test=searchweb0_0,searchweb201602_,searchweb201603_
32420596929	Кабель для программирования ПЛК, кабель для Panasonic/USB-AFC8513, кабель для загрузки данных, FP0, FP2, DFP0-U2, FP-M, 6es7, 972-0bb12-0xa0, FP-E, 6es7, 972-0bb12-0xa0	2 продано	1 493,24 руб.	//aliexpress.ru/item/32420596929.html?algo_pvid=95e55984-e375-4e96-8f17-1da1de55b47e&algo_expid=95e55984-e375-4e96-8f17-1da1de55b47e-20&btsid=0b8b037216010147343222638ec9ef&ws_ab_test=searchweb0_0,searchweb201602_,searchweb201603_
32420840165	1 шт. ПЛК кабель программирования USB-PPI + для Siemens S7200/кабель для скачивания данных совместимый 6ES7 901-3DB30 для Siemens S7200		2 343,11 руб.	//aliexpress.ru/item/32420840165.html?algo_pvid=95e55984-e375-4e96-8f17-1da1de55b47e&algo_expid=95e55984-e375-4e96-8f17-1da1de55b47e-21&btsid=0b8b037216010147343222638ec9ef&ws_ab_test=searchweb0_0,searchweb201602_,searchweb201603_
32419675465	Inovance ПЛК программирующий кабель USB-H2U +/1U/0U/изолированный ПЛК кабель для скачивания данных для H0U/H1U/H2U электронных систем передачи данных		2 343,11 руб.	//aliexpress.ru/item/32419675465.html?algo_pvid=95e55984-e375-4e96-8f17-1da1de55b47e&algo_expid=95e55984-e375-4e96-8f17-1da1de55b47e-22&btsid=0b8b037216010147343222638ec9ef&ws_ab_test=searchweb0_0,searchweb201602_,searchweb201603_
32421231651	PLC Кабель программирования для Mitsubishi FX3U серии/кабель для скачивания данных FX-USB-AW USB к RS422 адаптеру электронных систем передачи данных		1 310,55 руб.	//aliexpress.ru/item/32421231651.html?algo_pvid=95e55984-e375-4e96-8f17-1da1de55b47e&algo_expid=95e55984-e375-4e96-8f17-1da1de55b47e-23&btsid=0b8b037216010147343222638ec9ef&ws_ab_test=searchweb0_0,searchweb201602_,searchweb201603_
32423334807	1 шт. FATEK ПЛК кабель для загрузки USB-FBS-232P0-9F +/PLC Кабель для программирования USB в RS232 адаптер для FATEK FBS		2 501,96 руб.	//aliexpress.ru/item/32423334807.html?algo_pvid=95e55984-e375-4e96-8f17-1da1de55b47e&algo_expid=95e55984-e375-4e96-8f17-1da1de55b47e-24&btsid=0b8b037216010147343222638ec9ef&ws_ab_test=searchweb0_0,searchweb201602_,searchweb201603_
32349108257	Кабель для передачи данных и программирования ПЛК, 1 комплект, кабель для Panasonic/FP0 FP2, адаптер для передачи данных с USB-разъемом, для FP2, с USB-адап...		1 579,02 руб.	//aliexpress.ru/item/32349108257.html?algo_pvid=95e55984-e375-4e96-8f17-1da1de55b47e&algo_expid=95e55984-e375-4e96-8f17-1da1de55b47e-25&btsid=0b8b037216010147343222638ec9ef&ws_ab_test=searchweb0_0,searchweb201602_,searchweb201603_
32424418282	1 шт., Кабель для программирования на Mitsubishi / GT1020 GT1030, кабель с сенсорным экраном, электронная система передачи данных		1 810,95 руб.	//aliexpress.ru/item/32424418282.html?algo_pvid=95e55984-e375-4e96-8f17-1da1de55b47e&algo_expid=95e55984-e375-4e96-8f17-1da1de55b47e-26&btsid=0b8b037216010147343222638ec9ef&ws_ab_test=searchweb0_0,searchweb201602_,searchweb201603_
32417781055	Черный Кабель для программирования ПЛК, 1 шт., кабель для Mitsubishi серии Q/кабель для загрузки данных, линия связи для Mitsubishi	2 продано	1 493,24 руб.	//aliexpress.ru/item/32417781055.html?algo_pvid=95e55984-e375-4e96-8f17-1da1de55b47e&algo_expid=95e55984-e375-4e96-8f17-1da1de55b47e-27&btsid=0b8b037216010147343222638ec9ef&ws_ab_test=searchweb0_0,searchweb201602_,searchweb201603_
32766943032	1 шт. 6ES5734-1BD20 адаптер для ПК, программирующий КАБЕЛЬ ДЛЯ SIMATIC S5 PLC 6ES5 734-1BD20		1 501,18 руб.	//aliexpress.ru/item/32766943032.html?algo_pvid=95e55984-e375-4e96-8f17-1da1de55b47e&algo_expid=95e55984-e375-4e96-8f17-1da1de55b47e-28&btsid=0b8b037216010147343222638ec9ef&ws_ab_test=searchweb0_0,searchweb201602_,searchweb201603_
32422112291	Программирование серии Fuji UG, 1 шт., сенсорный экран/кабель для загрузки данных, USB в RS232 адаптер, электронные системы данных		2 184,25 руб.	//aliexpress.ru/item/32422112291.html?algo_pvid=95e55984-e375-4e96-8f17-1da1de55b47e&algo_expid=95e55984-e375-4e96-8f17-1da1de55b47e-50&btsid=0b8b037216010147343222638ec9ef&ws_ab_test=searchweb0_0,searchweb201602_,searchweb201603_
32242272913	1 шт., Кабель для программирования, совместимый с Siemens, с поддержкой win7, win8		2 132,63 руб.	//aliexpress.ru/item/32242272913.html?algo_pvid=95e55984-e375-4e96-8f17-1da1de55b47e&algo_expid=95e55984-e375-4e96-8f17-1da1de55b47e-51&btsid=0b8b037216010147343222638ec9ef&ws_ab_test=searchweb0_0,searchweb201602_,searchweb201603_
32242324190	1 шт. USB-SC09-FX ISO скорость оптическая изоляция PLC программирующий кабель для Mitsubishi FX		2 849,85 руб.	//aliexpress.ru/item/32242324190.html?algo_pvid=95e55984-e375-4e96-8f17-1da1de55b47e&algo_expid=95e55984-e375-4e96-8f17-1da1de55b47e-52&btsid=0b8b037216010147343222638ec9ef&ws_ab_test=searchweb0_0,searchweb201602_,searchweb201603_
32424004290	Электронные системы передачи данных USB-QC30R2 + для Mitsubishi/с изоляцией оптопары USB к адаптеру RS232 для MELSEC Q PLC		2 501,96 руб.	//aliexpress.ru/item/32424004290.html?algo_pvid=95e55984-e375-4e96-8f17-1da1de55b47e&algo_expid=95e55984-e375-4e96-8f17-1da1de55b47e-53&btsid=0b8b037216010147343222638ec9ef&ws_ab_test=searchweb0_0,searchweb201602_,searchweb201603_
32667424112	1 шт. 40-контактный передний разъем, совместимый с Siemens, модуль переднего соединителя на 300 В/6ES7 392-1am00-0a0		1 469,41 руб.	//aliexpress.ru/item/32667424112.html?algo_pvid=95e55984-e375-4e96-8f17-1da1de55b47e&algo_expid=95e55984-e375-4e96-8f17-1da1de55b47e-54&btsid=0b8b037216010147343222638ec9ef&ws_ab_test=searchweb0_0,searchweb201602_,searchweb201603_
32418966753	Желтый кабель для программирования ПЛК, 1 шт., кабель для Mitsubishi/кабель для загрузки данных, 6-контактный кабель связи для Mitsubishi		1 493,24 руб.	//aliexpress.ru/item/32418966753.html?algo_pvid=95e55984-e375-4e96-8f17-1da1de55b47e&algo_expid=95e55984-e375-4e96-8f17-1da1de55b47e-55&btsid=0b8b037216010147343222638ec9ef&ws_ab_test=searchweb0_0,searchweb201602_,searchweb201603_
32347009232	1 комплект, Кабель для программирования для Siemens/6ES7901-3DB30-0XA0, USB программирующий адаптер, 1 шт., адаптер для USB, 1 шт., KTP600DP, OP77A, smart700/1000, 1 шт.		3 564,70 руб.	//aliexpress.ru/item/32347009232.html?algo_pvid=95e55984-e375-4e96-8f17-1da1de55b47e&algo_expid=95e55984-e375-4e96-8f17-1da1de55b47e-56&btsid=0b8b037216010147343222638ec9ef&ws_ab_test=searchweb0_0,searchweb201602_,searchweb201603_
32417881539	1 шт. A-Bplc программирующий кабель 1747-PIC UIC для Allen-Bradley SLC/USB-1747-PIC совместимый AB SLC кабель для скачивания данных		4 011,08 руб.	//aliexpress.ru/item/32417881539.html?algo_pvid=95e55984-e375-4e96-8f17-1da1de55b47e&algo_expid=95e55984-e375-4e96-8f17-1da1de55b47e-57&btsid=0b8b037216010147343222638ec9ef&ws_ab_test=searchweb0_0,searchweb201602_,searchweb201603_
32423113832	1 шт. ПЛК сенсорный экран программирующий кабель для Schneider/кабель для скачивания данных TSXPCX3030-C TWIDO TSX Neza MIRCO PREMIUM M340		3 955,48 руб.	//aliexpress.ru/item/32423113832.html?algo_pvid=95e55984-e375-4e96-8f17-1da1de55b47e&algo_expid=95e55984-e375-4e96-8f17-1da1de55b47e-58&btsid=0b8b037216010147343222638ec9ef&ws_ab_test=searchweb0_0,searchweb201602_,searchweb201603_
1005001388498861	Следующий YE-202 TWEN DUAL LNB platinum		2 274,80 руб.	//aliexpress.ru/item/1005001388498861.html?algo_pvid=95e55984-e375-4e96-8f17-1da1de55b47e&algo_expid=95e55984-e375-4e96-8f17-1da1de55b47e-59&btsid=0b8b037216010147343222638ec9ef&ws_ab_test=searchweb0_0,searchweb201602_,searchweb201603_
1005001472001521	Это набор инструментов PinooBot		6 016,62 руб.	//aliexpress.ru/item/1005001472001521.html?algo_pvid=40faa896-22e7-4103-84b6-ebde428bc7fc&algo_expid=40faa896-22e7-4103-84b6-ebde428bc7fc-0&btsid=0b8b037216010147530533022ec9ef&ws_ab_test=searchweb0_0,searchweb201602_,searchweb201603_
