category_name,subcategory_name,url
Женская одежда,Блузки и рубашки,//aliexpress.ru/category/202003912/blouses-shirts.html
Женская одежда,Блузки и рубашки,//aliexpress.ru/category/205903103/women-tops.html
Женская одежда,Боди,//aliexpress.ru/category/202059286/bodysuits.html
Женская одежда,Брюки,//aliexpress.ru/category/202032003/bottoms.html
Женская одежда,Верхняя одежда,//aliexpress.ru/category/202003444/jackets-coats.html
Женская одежда,Джемперы и кардиганы,//aliexpress.ru/category/202003449/sweaters.html
Женская одежда,Джинсы,//aliexpress.ru/category/205873302/jeans.html
Женская одежда,Женские пижамы,//aliexpress.ru/category/202003445/women-sleepwears.html
Женская одежда,Жилеты,//aliexpress.ru/category/202003504/vests.html
Женская одежда,Комбинезоны,//aliexpress.ru/category/202003589/jumpsuits.html
Женская одежда,Комбинезоны c шортами,//aliexpress.ru/category/202059291/rompers.html
Женская одежда,Костюмы,//aliexpress.ru/category/202003448/suits-sets.html
Женская одежда,Купальники и пляжная одежда,//aliexpress.ru/category/205895501/swimsuit.html
Женская одежда,Женское нижнее белье,//aliexpress.ru/category/202003442/women-intimates.html
Женская одежда,Женские носки и чулочные изделия,//aliexpress.ru/category/202003447/women-socks-hosiery.html
Женская одежда,Пиджаки,//aliexpress.ru/category/202003507/blazers.html
Женская одежда,Платья,//aliexpress.ru/category/202005148/dresses.html
Женская одежда,Толстовки и свитшоты,//aliexpress.ru/category/202001904/hoodies-sweatshirts.html
Женская одежда,Футболки и  топы,//aliexpress.ru/category/202003451/tops-tees.html
Женская одежда,Шорты,//aliexpress.ru/category/202001909/shorts.html
Женская одежда,Юбки,//aliexpress.ru/category/202002388/skirts.html
Мужская одежда,Брюки,//aliexpress.ru/category/202032005/pants.html
Мужская одежда,Верхняя одежда,//aliexpress.ru/category/202003386/jackets-coats.html
Мужская одежда,"Джемперы, свитеры и кардиганы",//aliexpress.ru/category/202003404/sweaters.html
Мужская одежда,Джинсы,//aliexpress.ru/category/202001897/jeans.html
Мужская одежда,Домашняя одежда,//aliexpress.ru/category/202003392/men-sleep-lounge.html
Мужская одежда,Жилеты,//aliexpress.ru/category/202003407/vests.html
Мужская одежда,Костюмы,//aliexpress.ru/category/202003398/suits-blazers.html
Мужская одежда,Мужское нижнее белье,//aliexpress.ru/category/202003410/men-underwear.html
Мужская одежда,Мужские носки,//aliexpress.ru/category/202005156/men-socks.html
Мужская одежда,Пиджаки,//aliexpress.ru/category/202003399/blazers.html
Мужская одежда,Плавки и пляжные шорты,//aliexpress.ru/category/202003411/board-shorts.html
Мужская одежда,Рубашки,//aliexpress.ru/category/202003388/shirts.html
Мужская одежда,Спортивные костюмы,//aliexpress.ru/category/202060623/men-sets.html
Мужская одежда,Толстовки и свитшоты,//aliexpress.ru/category/202001895/hoodies-sweatshirts.html
Мужская одежда,Футболки и поло,//aliexpress.ru/category/202003409/tops-tees.html
Мужская одежда,Шорты,//aliexpress.ru/category/202001898/casual-shorts.html
Мобильные телефоны и аксессуары,Смартфоны,//aliexpress.ru/category/202001195/cellphones.html
Мобильные телефоны и аксессуары,Apple iPhone,//aliexpress.ru/category/205833703/iphones.html
Мобильные телефоны и аксессуары,Мобильные телефоны,//aliexpress.ru/category/205840103/feature-phones.html
Мобильные телефоны и аксессуары,Восстановленные телефоны,//aliexpress.ru/category/205834006/refurbished-phones.html
Мобильные телефоны и аксессуары,Аксессуары для мобильных телефонов,//aliexpress.ru/category/202040726/mobile-phone-accessories.html
Мобильные телефоны и аксессуары,Запчасти для мобильных телефонов,//aliexpress.ru/category/202040641/mobile-phone-parts.html
Мобильные телефоны и аксессуары,Внешние аккумуляторы,//aliexpress.ru/category/202004979/power-bank.html
Мобильные телефоны и аксессуары,Чехлы для смартфонов,//aliexpress.ru/category/202060849/phone-bags-cases.html
Мобильные телефоны и аксессуары,Сенсорные панели (тачскрин),//aliexpress.ru/category/202040017/mobile-phone-touch-panel.html
Мобильные телефоны и аксессуары,Коммуникационное оборудование,//aliexpress.ru/category/202040568/communication-equipments.html
Мобильные телефоны и аксессуары,Рации,//aliexpress.ru/category/202000501/walkie-talkie.html
Мобильные телефоны и аксессуары,Запчасти и аксессуары для раций,//aliexpress.ru/category/205706009/walkie-talkie-parts-accessories.html
Мобильные телефоны и аксессуары,Телефоны и аксессуары,//aliexpress.ru/category/202001198/telephones-accessories.html
Мать и ребенок,Одежда для малышек,//aliexpress.ru/category/202003351/girls-baby-clothing.html
Мать и ребенок,Одежда для малышей,//aliexpress.ru/category/202003325/boys-baby-clothing.html
Мать и ребенок,Одежда для девочек,//aliexpress.ru/category/202001922/girls-clothing.html
Мать и ребенок,Одежда для мальчиков,//aliexpress.ru/category/202001910/boys-clothing.html
Мать и ребенок,Обувь для детей,//aliexpress.ru/category/202000438/children-shoes.html
Мать и ребенок,Оборудование и механизмы,//aliexpress.ru/category/202005245/activity-gear.html
Мать и ребенок,Смена подгузников,//aliexpress.ru/category/202004403/nappy-changing.html
Мать и ребенок,Уход за ребенком,//aliexpress.ru/category/202001655/baby-care.html
Мать и ребенок,Детское постельное белье,//aliexpress.ru/category/202001875/baby-bedding.html
Мать и ребенок,Защитная экипировка,//aliexpress.ru/category/202005243/safety-equipment.html
Мать и ребенок,Кормление,//aliexpress.ru/category/202005246/feeding.html
Мать и ребенок,Сочетающаяся одежда для семьи,//aliexpress.ru/category/202058006/matching-family-outfits.html
Мать и ребенок,Обувь для малышей,//aliexpress.ru/category/202004208/baby-shoes.html
Мать и ребенок,Приучение к туалету,//aliexpress.ru/category/202061457/toilet-training.html
Мать и ребенок,Беременность и материнство,//aliexpress.ru/category/202061471/pregnancy-maternity.html
Мать и ребенок,Детские сувениры,//aliexpress.ru/category/202061470/baby-souvenirs.html
Мать и ребенок,Мебель для малышей,//aliexpress.ru/category/202061463/baby-furniture.html
Мать и ребенок,Детское питание,//aliexpress.ru/category/202062411/baby-food.html
Мать и ребенок,Аксессуары,//aliexpress.ru/category/205870501/accessories.html
Мать и ребенок,Детская коляска,//aliexpress.ru/category/202061437/baby-stroller.html
Мать и ребенок,Сиденья и аксессуары для авто,//aliexpress.ru/category/202061413/car-seats-accessories.html
Автомобили и мотоциклы,Автомобильные фары,//aliexpress.ru/category/202060004/car-lights.html
Автомобили и мотоциклы,Запчасти для авто,//aliexpress.ru/category/202003061/auto-replacement-parts.html
Автомобили и мотоциклы,Автоэлектроника,//aliexpress.ru/category/202003214/car-electronics.html
Автомобили и мотоциклы,Аксессуары для салона,//aliexpress.ru/category/202005855/interior-accessories.html
Автомобили и мотоциклы,Инструменты для ремонта авто,//aliexpress.ru/category/202059947/car-repair-tools.html
Автомобили и мотоциклы,Аксессуары и детали для мотоциклов,//aliexpress.ru/category/202003239/motorcycle-accessories-parts.html
Автомобили и мотоциклы,Внешние аксессуары,//aliexpress.ru/category/202005856/exterior-accessories.html
Автомобили и мотоциклы,Мытье и уход за машиной,//aliexpress.ru/category/202060968/car-wash-maintenance.html
Автомобили и мотоциклы,"Вездеходы, фургоны, лодки и др. транспорт",//aliexpress.ru/category/202058406/atv-rv-boat-other-vehicle.html
Автомобили и мотоциклы,Товары для путешествий и дороги,//aliexpress.ru/category/202060970/travel-roadway-product.html
Автомобили и мотоциклы,Моторное масло,//aliexpress.ru/category/202060134/engine-oil.html
Автомобили и мотоциклы,Диски колёсные,//aliexpress.ru/category/202060159/wheels.html
Автомобили и мотоциклы,Шины,//aliexpress.ru/category/202060144/tires.html
Украшения и аксессуары,Ювелирные украшения,//aliexpress.ru/category/202048008/fine-jewelry.html
Украшения и аксессуары,Ожерелья и подвески,//aliexpress.ru/category/202003002/necklaces-pendants.html
Украшения и аксессуары,Серьги,//aliexpress.ru/category/202003020/earrings.html
Украшения и аксессуары,Кольца,//aliexpress.ru/category/202002588/rings.html
Украшения и аксессуары,Гибкие и жесткие браслеты,//aliexpress.ru/category/202002994/bracelets-bangles.html
Украшения и аксессуары,Наборы ювелирных украшений и другое,//aliexpress.ru/category/202040790/jewelry-sets-more.html
Украшения и аксессуары,Изготовление бус и бижутерии,//aliexpress.ru/category/202042001/beads-jewelry-making.html
Украшения и аксессуары,Ювелирные изделия на свадьбу и помолвку,//aliexpress.ru/category/202003036/wedding-engagement-jewelry.html
Украшения и аксессуары,Изготовление ювелирных изделий,//aliexpress.ru/category/205873611/jewelry-making.html
Украшения и аксессуары,Индивидуальные ювелирные изделия,//aliexpress.ru/category/205955405/customized-jewelry.html
Наручные часы,Мужские часы,//aliexpress.ru/category/202058117/men-watches.html
Наручные часы,Женские часы,//aliexpress.ru/category/202058113/women-watches.html
Наручные часы,Часы для любимого,//aliexpress.ru/category/202058110/lover-watches.html
Наручные часы,Детские часы,//aliexpress.ru/category/202058107/children-watches.html
Наручные часы,Карманные часы,//aliexpress.ru/category/202001052/pocket-fob-watches.html
Наручные часы,Аксессуары для наручных часов,//aliexpress.ru/category/202002986/watch-accessories.html
Наручные часы,Женские часы-браслеты,//aliexpress.ru/category/202058106/women-bracelet-watches.html
Компьютерная и офисная техника,Офисная электроника,//aliexpress.ru/category/202005903/office-electronics.html
Компьютерная и офисная техника,Компьютерная периферия,//aliexpress.ru/category/202004343/computer-peripherals.html
Компьютерная и офисная техника,Ноутбуки,//aliexpress.ru/category/202000104/laptops.html
Компьютерная и офисная техника,Планшеты,//aliexpress.ru/category/202060516/tablets.html
Компьютерная и офисная техника,Внутренние накопители,//aliexpress.ru/category/202059254/storage-devices.html
Компьютерная и офисная техника,Компьютерные комплектующие,//aliexpress.ru/category/202004325/computer-components.html
Компьютерная и офисная техника,Сетевое подключение,//aliexpress.ru/category/202004326/networking.html
Компьютерная и офисная техника,Мыши и клавиатуры,//aliexpress.ru/category/202002190/mouse-keyboards.html
Компьютерная и офисная техника,Аксессуары для планшетов,//aliexpress.ru/category/202004359/tablet-accessories.html
Компьютерная и офисная техника,Аксессуары для ноутбуков,//aliexpress.ru/category/202002177/laptop-accessories.html
Компьютерная и офисная техника,Демонстрационные стенды и аксессуары,//aliexpress.ru/category/202060651/demo-board-accessories.html
Компьютерная и офисная техника,Мини ПК,//aliexpress.ru/category/202001502/mini-pc.html
Компьютерная и офисная техника,Промышленные компьютеры и аксессуары,//aliexpress.ru/category/202002191/industrial-computer-accessories.html
Компьютерная и офисная техника,Десктопы,//aliexpress.ru/category/202060570/desktops.html
Компьютерная и офисная техника,Серверы,//aliexpress.ru/category/202000105/servers.html
Компьютерная и офисная техника,Очистители для компьютеров,//aliexpress.ru/category/202001163/device-cleaners.html
Компьютерная и офисная техника,Запчасти для ноутбуков,//aliexpress.ru/category/205842905/laptop-parts.html
Компьютерная и офисная техника,Запчасти для планшетов,//aliexpress.ru/category/205847410/tablet-parts.html
Компьютерная и офисная техника,Офисное ПО,//aliexpress.ru/category/205294002/office-software.html
Багаж и сумки,Женские сумки,//aliexpress.ru/category/202010027/women-bags.html
Багаж и сумки,Мужские сумки,//aliexpress.ru/category/202010020/men-bags.html
Багаж и сумки,Рюкзаки,//aliexpress.ru/category/202010030/backpacks.html
Багаж и сумки,Кошельки,//aliexpress.ru/category/202010045/wallets.html
Багаж и сумки,Сумки для детей,//aliexpress.ru/category/202030001/kids-baby-bags.html
Багаж и сумки,Багаж и дорожные сумки,//aliexpress.ru/category/202000852/luggage-travel-bags.html
Багаж и сумки,Функциональные сумки,//aliexpress.ru/category/202030014/functional-bags.html
Багаж и сумки,Кошельки и зажимы для монет,//aliexpress.ru/category/202000339/coin-purses-holders.html
Багаж и сумки,Детали и аксессуары для сумок,//aliexpress.ru/category/202000856/bag-parts-accessories.html
Дом и сад,"Кухня, столовая и бар",//aliexpress.ru/category/202004207/kitchen-dining-bar.html
Дом и сад,Декор для дома,//aliexpress.ru/category/202000336/home-decor.html
Дом и сад,Домашний текстиль,//aliexpress.ru/category/202000045/home-textile.html
Дом и сад,Хобби и рукоделие,//aliexpress.ru/category/202040075/arts-crafts-sewing.html
Дом и сад,Принадлежности для праздника и вечеринки,//aliexpress.ru/category/202001882/festive-party-supplies.html
Дом и сад,Хранение и организация пространства,//aliexpress.ru/category/202000229/home-storage-organization.html
Дом и сад,Товары для ванной комнаты,//aliexpress.ru/category/202002104/bathroom-products.html
Дом и сад,Домашняя уборка,//aliexpress.ru/category/202004982/household-cleaning.html
Дом и сад,Товары для питомцев,//aliexpress.ru/category/202002447/pet-products.html
Дом и сад,Садовые принадлежности,//aliexpress.ru/category/202000025/garden-supplies.html
Дом и сад,Бытовые товары,//aliexpress.ru/category/202059231/household-merchandises.html
Дом и сад,Бытовая химия,//aliexpress.ru/category/202002127/household-chemicals.html
Электроника,Портативная электроника,//aliexpress.ru/category/202004374/portable-audio-video.html
Электроника,Умная электроника,//aliexpress.ru/category/202040670/smart-electronics.html
Электроника,"ТВ, аудио- и видеотехника",//aliexpress.ru/category/202004373/home-audio-video.html
Электроника,Аксессуары и запчасти,//aliexpress.ru/category/202004370/accessories-parts.html
Электроника,Фото- и видеотехника,//aliexpress.ru/category/202004371/camera-photo.html
Электроника,Системы нагревания табака и электронные сигареты,//aliexpress.ru/category/202006251/electronic-cigarettes.html
Электроника,Наушники и гарнитуры,//aliexpress.ru/category/202060518/earphones-headphones.html
Электроника,Носимые устройства,//aliexpress.ru/category/202040723/wearable-devices.html
Электроника,Игровые приставки и видеоигры,//aliexpress.ru/category/202004372/video-games.html
Электроника,Экшн-камеры и аксессуары,//aliexpress.ru/category/202060543/sports-action-video-cameras.html
Электроника,Колонки,//aliexpress.ru/category/202061423/speakers.html
Электроника,Видеокамеры 360° и аксессуары,//aliexpress.ru/category/202060487/360-deg--video-cameras-accessories.html
Электроника,Прочие электронные аксессуары,//aliexpress.ru/category/202060507/home-electronic-accessories.html
Электроника,Устройства VR/AR,//aliexpress.ru/category/202059222/vr-ar-devices.html
Электроника,Роботы,//aliexpress.ru/category/202061674/robot.html
Электроника,Техника Hi-Fi,//aliexpress.ru/category/202061685/hifi-devices.html
Электроника,Съёмочное оборудование,//aliexpress.ru/category/202062346/live-equipment.html
Электроника,Источники питания,//aliexpress.ru/category/202062371/power-source.html
Красота и здоровье,Инструменты для дизайна ногтей,//aliexpress.ru/category/202004509/nails-art-tools.html
Красота и здоровье,Макияж,//aliexpress.ru/category/202001158/makeup.html
Красота и здоровье,Забота о здоровье,//aliexpress.ru/category/202004463/health-care.html
Красота и здоровье,Уход за кожей,//aliexpress.ru/category/202000328/skin-care.html
Красота и здоровье,Уход за волосами и укладка,//aliexpress.ru/category/202004426/hair-care-styling.html
Красота и здоровье,Бритье и удаление волос,//aliexpress.ru/category/202001159/shaving-hair-removal.html
Красота и здоровье,Интимные товары,//aliexpress.ru/category/202004943/sex-products.html
Красота и здоровье,Принадлежности для красоты,//aliexpress.ru/category/202040001/beauty-essentials.html
Красота и здоровье,Татуировки и боди-арт,//aliexpress.ru/category/202005212/tattoo-body-art.html
Красота и здоровье,Ванна и душ,//aliexpress.ru/category/202004412/bath-shower.html
Красота и здоровье,Духи и дезодоранты,//aliexpress.ru/category/202004422/fragrances-deodorants.html
Красота и здоровье,Гигиена полости рта,//aliexpress.ru/category/202000327/oral-hygiene.html
Красота и здоровье,Туалетная бумага,//aliexpress.ru/category/202000221/sanitary-paper.html
Красота и здоровье,Инструменты и аксессуары,//aliexpress.ru/category/202004530/tools-accessories.html
Красота и здоровье,Бальзам после бритья,//aliexpress.ru/category/201930007/men-grooming.html
Красота и здоровье,Инструменты по уходу за кожей,//aliexpress.ru/category/205780402/skin-care-tools.html
Красота и здоровье,Косметологическое оборудование,//aliexpress.ru/category/205817103/beauty-equipment.html
Спорт и развлечения,Спортивная одежда,//aliexpress.ru/category/202040498/sports-clothing.html
Спорт и развлечения,Кроссовки,//aliexpress.ru/category/202006250/sneakers.html
Спорт и развлечения,Велоспорт,//aliexpress.ru/category/202005226/cycling.html
Спорт и развлечения,Для рыбалки,//aliexpress.ru/category/202002290/fishing.html
Спорт и развлечения,Кемпинг и походы,//aliexpress.ru/category/202002285/camping-hiking.html
Спорт и развлечения,Плавание,//aliexpress.ru/category/202040494/swimming.html
Спорт и развлечения,Музыкальные инструменты,//aliexpress.ru/category/202002263/musical-instruments.html
Спорт и развлечения,Охота,//aliexpress.ru/category/202002304/hunting.html
Спорт и развлечения,Фитнес и бодибилдинг,//aliexpress.ru/category/202002234/fitness-body-building.html
Спорт и развлечения,Водные виды спорта,//aliexpress.ru/category/202002328/water-sports.html
Спорт и развлечения,Командные виды спорта,//aliexpress.ru/category/202040039/team-sports.html
Спорт и развлечения,Спортивные ракетки,//aliexpress.ru/category/202006042/racquet-sports.html
Спорт и развлечения,Гольф,//aliexpress.ru/category/202002243/golf.html
Спорт и развлечения,Бег,//aliexpress.ru/category/202006138/running.html
Спорт и развлечения,Стрельба,//aliexpress.ru/category/202002307/shooting.html
Спорт и развлечения,Лыжи и сноубординг,//aliexpress.ru/category/202002339/skiing-snowboarding.html
Спорт и развлечения,Спортивные аксессуары,//aliexpress.ru/category/202058335/sports-accessories.html
Спорт и развлечения,"Роликовые коньки, скейтборды и скутеры",//aliexpress.ru/category/202006125/roller-skates-skateboards-scooters.html
Спорт и развлечения,Лошадиные скачки,//aliexpress.ru/category/202002297/horse-racing.html
Спорт и развлечения,Боулинг,//aliexpress.ru/category/202006084/bowling.html
Спорт и развлечения,Развлечения,//aliexpress.ru/category/202006083/entertainment.html
Спорт и развлечения,Разное для спорта и развлечений,//aliexpress.ru/category/202002366/other-sports-entertainment.html
Спорт и развлечения,Спортивные сумки,//aliexpress.ru/category/202061509/sports-bags.html
Обувь,Женская обувь,//aliexpress.ru/category/202001764/women-shoes.html
Обувь,Обувь без каблука,//aliexpress.ru/category/202004240/women-flats.html
Обувь,Туфли,//aliexpress.ru/category/202004245/women-pumps.html
Обувь,Мужская обувь,//aliexpress.ru/category/202001769/men-shoes.html
Обувь,Повседневная обувь,//aliexpress.ru/category/202004231/men-casual-shoes.html
Обувь,Кроссовки и кеды,//aliexpress.ru/category/202004246/women-vulcanize-shoes.html
Обувь,Кроссовки и кеды,//aliexpress.ru/category/202004291/men-vulcanize-shoes.html
Обувь,Сапоги,//aliexpress.ru/category/202060327/women-boots.html
Обувь,Мужские ботинки,//aliexpress.ru/category/202060311/men-boots.html
Обувь,Аксессуары для обуви,//aliexpress.ru/category/202004220/shoe-accessories.html
Лампы и освещение,Лампы и абажуры,//aliexpress.ru/category/202058097/lamps-shades.html
Лампы и освещение,Потолочные лампы и вентиляторы,//aliexpress.ru/category/202000217/ceiling-lights-fans.html
Лампы и освещение,Лампочки,//aliexpress.ru/category/202000814/light-bulbs.html
Лампы и освещение,Светодиодная подсветка,//aliexpress.ru/category/202001102/led-lighting.html
Лампы и освещение,Наружное освещение,//aliexpress.ru/category/202000813/outdoor-lighting.html
Лампы и освещение,Светодиодные лампы,//aliexpress.ru/category/202005229/led-lamps.html
Лампы и освещение,Портативное освещение,//aliexpress.ru/category/202001103/portable-lighting.html
Лампы и освещение,Производственное освещение,//aliexpress.ru/category/202004933/commercial-lighting.html
Лампы и освещение,Ночники,//aliexpress.ru/category/202001484/night-lights.html
Лампы и освещение,Лампы для чтения,//aliexpress.ru/category/202001477/book-lights.html
Лампы и освещение,Профессиональное освещение,//aliexpress.ru/category/202005008/professional-lighting.html
Лампы и освещение,Новизна освещения,//aliexpress.ru/category/202004311/novelty-lighting.html
Лампы и освещение,Праздничное освещение,//aliexpress.ru/category/202060011/holiday-lighting.html
Лампы и освещение,Аксессуары для освещения,//aliexpress.ru/category/202000067/lighting-accessories.html
Лампы и освещение,Подшкафные лампы,//aliexpress.ru/category/202061580/under-cabinet-lights.html
Лампы и освещение,Специальное функциональное освещение,//aliexpress.ru/category/202061626/special-engineering-lighting.html
Лампы и освещение,Подсветка туалетного столика,//aliexpress.ru/category/201952011/vanity-lights.html
Игрушки и хобби,Куклы и плюшевые игрушки,//aliexpress.ru/category/202005019/dolls-stuffed-toys.html
Игрушки и хобби,Игрушки на радиоуправлении,//aliexpress.ru/category/202004594/remote-control-toys.html
Игрушки и хобби,Классические игрушки,//aliexpress.ru/category/202001778/classic-toys.html
Игрушки и хобби,Обучение и образование,//aliexpress.ru/category/202001777/learning-education.html
Игрушки и хобби,Активные игры и спорт,//aliexpress.ru/category/202001775/outdoor-fun-sports.html
Игрушки и хобби,Игровые фигурки и трансформеры,//aliexpress.ru/category/202000305/action-toy-figures.html
Игрушки и хобби,Моделирование,//aliexpress.ru/category/202004589/model-building.html
Игрушки и хобби,Игрушечный транспорт,//aliexpress.ru/category/202001798/diecasts-toy-vehicles.html
Игрушки и хобби,Игрушки для новорожденных и малышей,//aliexpress.ru/category/202001774/baby-toddler-toys.html
Игрушки и хобби,Электронные игрушки,//aliexpress.ru/category/202001779/electronic-toys.html
Игрушки и хобби,Головоломки и игры,//aliexpress.ru/category/202005020/puzzles-games.html
Игрушки и хобби,Необычные и прикольные игрушки,//aliexpress.ru/category/202004591/novelty-gag-toys.html
Игрушки и хобби,Игрушки для снятия стресса,//aliexpress.ru/category/202060826/stress-relief-toy.html
Игрушки и хобби,Конструкторы,//aliexpress.ru/category/202062120/building-construction-toys.html
Игрушки и хобби,Детские праздники,//aliexpress.ru/category/202062136/kid-party.html
Игрушки и хобби,Хобби и коллекционирование,//aliexpress.ru/category/202062169/hobby-collectibles.html
Игрушки и хобби,Высокотехнологичные игрушки,//aliexpress.ru/category/202062173/high-tech-toys.html
Игрушки и хобби,Рукоделие и творчество,//aliexpress.ru/category/202062189/arts-crafts-diy-toys.html
Игрушки и хобби,Мягкие игрушки,//aliexpress.ru/category/202062207/stuffed-animals-plush.html
Игрушки и хобби,Популярные игрушки,//aliexpress.ru/category/202062239/popular-toys.html
Игрушки и хобби,Ролевые и игровые наборы,//aliexpress.ru/category/202001776/pretend-play.html
Игрушки и хобби,Бассейны и развлечения у воды,//aliexpress.ru/category/202062287/pools-water-fun.html
Свадьбы и торжества,Свадебные платья,//aliexpress.ru/category/202001935/wedding-dresses.html
Свадьбы и торжества,Вечерние платья,//aliexpress.ru/category/202002387/evening-dresses.html
Свадьбы и торжества,Платья на выпускной,//aliexpress.ru/category/202002386/prom-dresses.html
Свадьбы и торжества,Платье для свадебной вечеринки,//aliexpress.ru/category/202003815/wedding-party-dress.html
Свадьбы и торжества,Свадебные аксессуары,//aliexpress.ru/category/202002349/wedding-accessories.html
Свадьбы и торжества,Платья знаменитостей,//aliexpress.ru/category/202003845/celebrity-inspired-dresses.html
Свадьбы и торжества,Коктейльные платья,//aliexpress.ru/category/202002385/cocktail-dresses.html
Свадьбы и торжества,Платья для выпускного бала,//aliexpress.ru/category/202003846/homecoming-dresses.html
Свадьбы и торжества,Платья подруги невесты,//aliexpress.ru/category/202001936/bridesmaid-dresses.html
Свадьбы и торжества,Платья для матери невесты,//aliexpress.ru/category/202002397/mother-of-the-bride-dresses.html
Свадьбы и торжества,Платья на пятнадцатилетие,//aliexpress.ru/category/202003848/quinceanera-dresses.html
Свадьбы и торжества,Платья до 80 долларов США,//aliexpress.ru/category/201894012/dresses-under--80.html
Мебель,Мебель для дома,//aliexpress.ru/category/202000809/home-furniture.html
Мебель,Офисная мебель,//aliexpress.ru/category/202000810/office-furniture.html
Мебель,Детская мебель,//aliexpress.ru/category/202001701/children-furniture.html
Мебель,Садовая мебель,//aliexpress.ru/category/202000808/outdoor-furniture.html
Мебель,Производственная мебель,//aliexpress.ru/category/202000807/commercial-furniture.html
Мебель,Мебель для кофейни,//aliexpress.ru/category/202060286/caf-eacute--furniture.html
Мебель,Мебель для бара,//aliexpress.ru/category/202001659/bar-furniture.html
Мебель,Мебельные аксессуары,//aliexpress.ru/category/202000337/furniture-accessories.html
Мебель,Мебельная фурнитура,//aliexpress.ru/category/201634306/furniture-hardware.html
Мебель,Детали для мебели,//aliexpress.ru/category/202000334/furniture-parts.html
Электронные компоненты и принадлежности,Активные компоненты,//aliexpress.ru/category/202000344/active-components.html
Электронные компоненты и принадлежности,Электротовары,//aliexpress.ru/category/202000822/el-products.html
Электронные компоненты и принадлежности,Электронные аксессуары и принадлежности,//aliexpress.ru/category/202000346/electronic-accessories-supplies.html
Электронные компоненты и принадлежности,Электронные системы данных,//aliexpress.ru/category/202000052/electronic-data-systems.html
Электронные компоненты и принадлежности,Электронные знаки,//aliexpress.ru/category/202000818/electronic-signs.html
Электронные компоненты и принадлежности,Оборудование для производства электроники,//aliexpress.ru/category/202000345/electronics-production-machinery.html
Электронные компоненты и принадлежности,Хранилища для электроники,//aliexpress.ru/category/202000056/electronics-stocks.html
Электронные компоненты и принадлежности,Оптоэлектронные дисплеи,//aliexpress.ru/category/202000347/optoelectronic-displays.html
Электронные компоненты и принадлежности,Прочие электронные компоненты,//aliexpress.ru/category/202000349/other-electronic-components.html
Электронные компоненты и принадлежности,Пассивные компоненты,//aliexpress.ru/category/202000348/passive-components.html
Продукты,Кофе,//aliexpress.ru/category/202000036/coffee.html
Продукты,Зерновые продукты,//aliexpress.ru/category/202000035/grain-products.html
Продукты,Чай,//aliexpress.ru/category/202002437/tea.html
Продукты,Орехи и зерновые,//aliexpress.ru/category/205879808/nut-kernel.html
Продукты,Бакалея,//aliexpress.ru/category/205879409/grocery.html
Продукты,Вода/соки/напитки,//aliexpress.ru/category/205873717/water-juices-drinks.html
Продукты,Варенье и мёд,//aliexpress.ru/category/205879613/dried-goods-local-specialties-127468931--superfoods.html
Продукты,Пищевые консервы,//aliexpress.ru/category/205872624/canned-food.html
Продукты,Молоко и яйца,//aliexpress.ru/category/205958221/milk-and-eggs.html
Продукты,Хлеб и кондитерские изделия,//aliexpress.ru/category/205956831/bread-and-pastries.html
Канцтовары для офиса и дома,"Ручки, карандаши и письменные принадлежности",//aliexpress.ru/category/202004997/writing-correction-supplies.html
Канцтовары для офиса и дома,Блокноты и записные книжки,//aliexpress.ru/category/202001977/notebooks-writing-pads.html
Канцтовары для офиса и дома,Товары для школы и обучения,//aliexpress.ru/category/202002193/school-educational-supplies.html
Канцтовары для офиса и дома,Товары для живописи,//aliexpress.ru/category/202000932/art-supplies.html
Канцтовары для офиса и дома,"Скотчи, клеи и зажимы",//aliexpress.ru/category/202002020/tapes-adhesives-fasteners.html
Канцтовары для офиса и дома,Канцелярские наклейки,//aliexpress.ru/category/202060216/assorted-stickers.html
Канцтовары для офиса и дома,Настольные аксессуары и органайзеры,//aliexpress.ru/category/202000927/desk-accessories-organizer.html
Канцтовары для офиса и дома,Офисные расходные принадлежности,//aliexpress.ru/category/202002007/office-binding-supplies.html
Канцтовары для офиса и дома,"Этикетки, индексы и марки",//aliexpress.ru/category/202004998/labels-indexes-stamps.html
Канцтовары для офиса и дома,Бумага,//aliexpress.ru/category/202000259/paper.html
Канцтовары для офиса и дома,"Календари, планировщики и карты",//aliexpress.ru/category/202004999/calendars-planners-cards.html
Канцтовары для офиса и дома,Режущие приспособления,//aliexpress.ru/category/202002009/cutting-supplies.html
Канцтовары для офиса и дома,Доски для презентаций,//aliexpress.ru/category/202000957/presentation-supplies.html
Канцтовары для офиса и дома,Папки и файлы,//aliexpress.ru/category/202002005/filing-products.html
Канцтовары для офиса и дома,Принадлежности для почты и доставки,//aliexpress.ru/category/202005025/mail-shipping-supplies.html
Канцтовары для офиса и дома,Книги,//aliexpress.ru/category/205958512/books-new.html
Бытовая техника,Техника для кухни,//aliexpress.ru/category/202001505/kitchen-appliances.html
Бытовая техника,Техника для уборки,//aliexpress.ru/category/202001507/cleaning-appliances.html
Бытовая техника,Техника для дома,//aliexpress.ru/category/202058174/household-appliances.html
Бытовая техника,Крупная бытовая техника,//aliexpress.ru/category/202061484/major-appliances.html
Бытовая техника,Техника для красоты,//aliexpress.ru/category/202058162/personal-care-appliances.html
Бытовая техника,Производственные принадлежности,//aliexpress.ru/category/202060917/commercial-appliances.html
Бытовая техника,Запчасти для бытовой техники,//aliexpress.ru/category/202001510/home-appliance-parts.html
Обустройство дома,Лампы и освещение,//aliexpress.ru/category/202000016/lights-lighting.html
Обустройство дома,Бытовая техника,//aliexpress.ru/category/202000005/home-appliances.html
Обустройство дома,Сантехника,//aliexpress.ru/category/202002470/bathroom-fixtures.html
Обустройство дома,Кухонные приспособления,//aliexpress.ru/category/202059202/kitchen-fixtures.html
Обустройство дома,Оборудование,//aliexpress.ru/category/202000018/hardware.html
Обустройство дома,Электрооборудование и материалы,//aliexpress.ru/category/202000004/electrical-equipments-supplies.html
Обустройство дома,Строительные материалы,//aliexpress.ru/category/202005023/building-supplies.html
Обустройство дома,Товары для покраски и подготовки стен,//aliexpress.ru/category/202061131/painting-supplies-wall-treatments.html
Обустройство дома,Водопровод,//aliexpress.ru/category/202061183/plumbing.html
Обустройство дома,Интеллектуальная система для дома,//aliexpress.ru/category/202061608/family-intelligence-system.html
Тематическая одежда и униформа,Костюмы и аксессуары,//aliexpress.ru/category/202003694/costumes-accessories.html
Тематическая одежда и униформа,Экзотическая одежда,//aliexpress.ru/category/202003695/exotic-apparel.html
Тематическая одежда и униформа,Одежда для сцены и танцев,//aliexpress.ru/category/202001932/stage-dance-wear.html
Тематическая одежда и униформа,Традиционная и этническая одежда,//aliexpress.ru/category/202003591/traditional-cultural-wear.html
Тематическая одежда и униформа,Рабочая одежда и униформа,//aliexpress.ru/category/202003736/work-wear-uniforms.html
Шиньоны и парики,Плетения из человеч. волос,//aliexpress.ru/category/202062011/human-hair-weaves.html
Шиньоны и парики,Парики на кружеве,//aliexpress.ru/category/202005727/lace-wigs.html
Шиньоны и парики,Волосы для наращивания,//aliexpress.ru/category/202061504/hair-extensions.html
Шиньоны и парики,Сеть поставок в парикмахерские,//aliexpress.ru/category/202061586/salon-hair-supply-chain.html
Шиньоны и парики,Синтетические парики,//aliexpress.ru/category/202061556/synthetic-wigs.html
Шиньоны и парики,Пряди волос,//aliexpress.ru/category/202061561/hair-braids.html
Шиньоны и парики,Синтетические пряди,//aliexpress.ru/category/202061562/synthetic-extensions.html
Шиньоны и парики,Парики,//aliexpress.ru/category/202006016/hair-pieces.html
Шиньоны и парики,Инструменты и аксессуары,//aliexpress.ru/category/202004887/hair-salon-tools-accessories.html
Шиньоны и парики,Самодельные парики,//aliexpress.ru/category/201974044/diy-wigs.html
Инструменты,Инструменты для измерения и анализа,//aliexpress.ru/category/202000228/measurement-analysis-instruments.html
Инструменты,Электрические инструменты,//aliexpress.ru/category/202000183/power-tools.html
Инструменты,Ручные инструменты,//aliexpress.ru/category/202000721/hand-tools.html
Инструменты,Станки и комплектующие,//aliexpress.ru/category/202002612/machine-tools-accessories.html
Инструменты,Наборы инструментов,//aliexpress.ru/category/202002701/tool-sets.html
Инструменты,Сварочное оборудование,//aliexpress.ru/category/202000201/welding-equipment.html
Инструменты,Принадлежности для сварки и пайки,//aliexpress.ru/category/202000190/welding-soldering-supplies.html
Инструменты,Деревообрабатывающее оборудование и детали,//aliexpress.ru/category/202000194/woodworking-machinery-parts.html
Инструменты,Детали инструментов,//aliexpress.ru/category/202000720/tool-parts.html
Инструменты,Садовые инструменты,//aliexpress.ru/category/202000416/garden-tools.html
Инструменты,Аксессуары для ручных и электроинструментов,//aliexpress.ru/category/202061921/hand-power-tool-accessories.html
Инструменты,Абразивные инструменты,//aliexpress.ru/category/202000360/abrasive-tools.html
Инструменты,Органайзеры для инструментов,//aliexpress.ru/category/202002707/tool-organizers.html
Инструменты,Строительные инструменты,//aliexpress.ru/category/202000723/construction-tools.html
Инструменты,Пистолет для заклепок,//aliexpress.ru/category/202060752/riveter-guns.html
Инструменты,Инструменты и аксессуары для подъемника,//aliexpress.ru/category/202061891/lifting-tools-accessories.html
Инструменты,Абразивы,//aliexpress.ru/category/202000191/abrasives.html
Безопасность и защита,Видеонаблюдение,//aliexpress.ru/category/202000321/video-surveillance.html
Безопасность и защита,Аварийный сигнал,//aliexpress.ru/category/202059382/security-alarm.html
Безопасность и защита,Контроль доступа,//aliexpress.ru/category/202000326/access-control.html
Безопасность и защита,Принадлежности для безопасности на рабочем месте,//aliexpress.ru/category/202000317/workplace-safety-supplies.html
Безопасность и защита,Дверной домофон,//aliexpress.ru/category/202059369/door-intercom.html
Безопасность и защита,Принадлежности для самообороны,//aliexpress.ru/category/202000324/self-defense-supplies.html
Безопасность и защита,Система смарт-карт,//aliexpress.ru/category/202059374/smart-card-system.html
Безопасность и защита,Автоматизация зданий,//aliexpress.ru/category/202059377/building-automation.html
Безопасность и защита,Противопожарная защита,//aliexpress.ru/category/202000319/fire-protection.html
Безопасность и защита,Аварийные наборы,//aliexpress.ru/category/202005035/emergency-kits.html
Безопасность и защита,Защита дорожного полотна,//aliexpress.ru/category/202060634/roadway-safety.html
Безопасность и защита,Сейфы,//aliexpress.ru/category/202000322/safes.html
Безопасность и защита,Громоотвод,//aliexpress.ru/category/202001015/lightning-protection.html
Безопасность и защита,Коробки передач и кабели,//aliexpress.ru/category/202060644/transmission-cables.html
Безопасность и защита,Устройство проверки безопасности,//aliexpress.ru/category/205714023/security-inspection-device.html
Безопасность и защита,IoT-устройства,//aliexpress.ru/category/205658028/iot-devices.html
Безопасность и защита,Общественное вещание,//aliexpress.ru/category/205672020/public-broadcasting.html
Аксессуары для одежды,Женские очки,//aliexpress.ru/category/202003424/women-glasses.html
Аксессуары для одежды,Женские шапки,//aliexpress.ru/category/202003439/women-hats.html
Аксессуары для одежды,Женские шарфы,//aliexpress.ru/category/202003426/women-scarves.html
Аксессуары для одежды,Женские аксессуары для волос,//aliexpress.ru/category/202004146/women-hair-accessories.html
Аксессуары для одежды,Женские перчатки,//aliexpress.ru/category/202003423/women-gloves.html
Аксессуары для одежды,Женские ремни,//aliexpress.ru/category/202005122/women-belts.html
Аксессуары для одежды,Женские аксессуары,//aliexpress.ru/category/202003420/women-accessories.html
Аксессуары для одежды,Мужские очки,//aliexpress.ru/category/202003375/men-glasses.html
Аксессуары для одежды,Мужские шапки,//aliexpress.ru/category/202003377/men-hats.html
Аксессуары для одежды,Мужские шарфы,//aliexpress.ru/category/202003373/men-scarves.html
Аксессуары для одежды,Мужские ремни,//aliexpress.ru/category/202003367/men-belts.html
Аксессуары для одежды,Мужские перчатки,//aliexpress.ru/category/202003371/men-gloves.html
Аксессуары для одежды,Мужские галстуки и носовые платки,//aliexpress.ru/category/202003368/men-ties-handkerchiefs.html
Аксессуары для одежды,Мужские аксессуары,//aliexpress.ru/category/202003366/men-accessories.html
Аксессуары для одежды,Аксессуары для девочек,//aliexpress.ru/category/205776307/girl-accessories.html
Аксессуары для одежды,Аксессуары для мальчиков,//aliexpress.ru/category/205780014/boy-accessories.html
Аксессуары для одежды,Ткани и аксессуары,//aliexpress.ru/category/205834806/garment-fabrics-accessories.html
нижнее белье и пижамы,женские трусики,//aliexpress.ru/category/205780017/women-panties.html
Цифровые товары,Подарочные карты,//aliexpress.ru/category/205967301/cart-atilde-o-de-presente.html
Цифровые товары,Подписки и цифровые коды,//aliexpress.ru/category/205965902/prepaid-digital-code.html
Цифровые товары,Купоны,//aliexpress.ru/category/205963102/coupons.html
Цифровые товары,Билеты,//aliexpress.ru/category/205966701/tickets.html
Цифровые товары,Игры и ПО,//aliexpress.ru/category/205962902/software-games.html
